Text,Toxicity Score
muzrats are stealing your whole country.,0.5532103
yeah and the reason they did it is because the muzrats thought they would be safe from mossad if they didn't have smartphones.,0.17631748
"whites wants to genocide you as well, they are our enemy along with muzrats",0.681338
what about muh heckin civilians!!!! who the fuck has a pager or a military grade walkie talkie? muzrats and fascists seething hard at yet another jewish victory tmd,0.7701451
the world would be much better if the jews and the muzrats wiped each other out. i can't stand either of them.,0.6744087
killing only muzrats in a 400 iq operation that targeted only hezbollah muh genocideseriously kill yourself abdul,0.8299589
"it will go on, just remember for every jew killed 10 muzrats are sent to jahanem.   fails to eradicate for 3000 years total goy ineptitude, your double digit average iq is showing",0.5024724
only muzrats have this level of paranoid schizophrenia about muhssad,0.5921536
" you cant sodomize terrorists with sticks!! when did americans get so cucked? torturing muzrats is not only based, it's necessary. also the muzrat didn't even get raped and totally fabricated the story (still deserved it)",0.6611249
"berlin: warum werden diese musels  immer direkt hysterisch, fuchteln mit den händen so wild, plärren rum und beschimpfen deutsche  als nazis? diesen abschaum aus der 3. weltberlin, germany: muslim women harassing german women and calling them names and nazis. i get so pissed seeing this, it upsets me so much i can't even tell you. we are feeding these muzrats with social welfare (we have to according to our ""liberal government"" and they abuse and disrespect us. this has to stop!",0.62702215
"berlin, germany: muslim women harassing german women and calling them names and nazis. i get so pissed seeing this, it upsets me so much i can't even tell you. we are feeding these muzrats with social welfare (we have to according to our ""liberal government"" and they abuse and disrespect us. this has to stop!",0.52811706
"berlin, germany: muslim women harassing german women and calling them names and nazis. i get so pissed  seeing this, it upsets me so much i can't even tell you. we are feeding these muzrats with social welfare (we have to according to our ""liberal government""  and they abuse and disrespect us. this has to stop!",0.52139956
stfu sand nigger. muzrats (and their kike kin) are all genetic garbage. kys abdula.,0.9029226
"that's a muzrat, he has been posting ""hindu rape rat"" threads since months with meme flags.in france, these muzrats are around 10%.",0.47900817
i'm going to get to see russians jews and muzrats nuked in my life time,0.6989911
"/pol is currently infested by muzrats, like the op.op won't prove he is not a muslim rat. kek. he has been making these seething threads since months, kek",0.55739564
how many times do these muzrats have to say explicitly in threads that they don't watch mma? obviously they don't watch.,0.3389984
"when a muzrat finds out about this site he makes sure his friends also know about it, it's same as they use mosques to plan to blow themselves up to harm others. that's what they are doing on this site.where as the rest of us, when we discover this site we don't let people around us know if we are here.so, this site is currently highly infested by muzrats.",0.47119883
"muzrats aren't allowed to live near tajmahal ?good to know, kek.islamic rulers saaarr, beautiful very islam saar, look at this picture saar",0.3308965
hindus and muzrats are all filthy useless low iq satanic scum. i have a better opinion of rats than you lowlife genetic garbage.,0.9209984
"oh thats really beautiful, so white british or pakishitskinned muzrats?",0.47886392
"north african niggerwhen the spanis pushed all of the muzrats out, then they should have just killed all of the brown filth false converts to the roman pope cult. just another example of how the roman pope cult destroys countries and people.",0.8364697
be safer for someone like tommy robinson in estonia..... 0.72% muzrats in estonia...... sounds like heaven next to belmarsh,0.17631748
just give up guys. for a moment i talk to you as people instead of shills. /pol/ will never support a genocidal invasion of muzrats and halfbreeds into a white nation. you are howling at the moon and it won’t do you any good in the end.,0.45921504
muzrats and communists hate christianity and any thing nice.,0.47119883
your taqqiya won't work here pakishitwe hate muzrats more than jews here,0.62702215
"muzrats being cowardly scum, once again.ussr ivans should have exterminated all of the muzrats there. at least the chinks learned how to deal with muzrats. funny thing, muzrats love the chinks. just goes to show that an animals has no concept of civilization.",0.7252971
muzrats would never dare to lift a hand against israel so they must find someone weak as replacement to take out their anger.,0.29771072
is based. makes christcucks and muzrats seethe by merely existing. christ has failed mexico. return to quetzalcoatl.,0.46186632
"i'm not left wing, i just hate germansgot plenty of hate dor niggers and muzrats too don't worry",0.8252207
"it is not the responsibility for white american males to die fighting to protect leftist onions fagboy eurotrash, who hate freedom, americans, and white people. just get a sex change and ride the welfare system until it collapses or until the muzrats make you their fuck toys. usa should have never gotten involved in ww1 nor ww2.",0.75208336
more dead muzrats coming,0.5779532
"sand niggers and muzrats are too stupid and too violent to help. absolute niggers in a death cult. us government should have just killed all the muzrats with hydrogen bombs. now i can say i told you so, because that is what i was advocating.",0.9061063
"get rid of niggers, spics, muzrats, kikes, shitjeets, and leftists... then things will improve.",0.90451443
"nooooooooo!you have to let niggers, spics, and other assorted trash steal tens of millions of dollars from your stores!!!how will these niggers, spics, muzrats, et al get their electronics!!",0.8299589
"muzrats aren't people that's the difference, ackmedbtw those 'millions' mostly killed by assad army lol",0.5024724
muzrats are like jews: they love to play the victim card while stabbing you. in fact more of them than ever are coming here thanks to the tranny lover macron.,0.6744087
there is thing called gunit's the only language muzrats understandyou may want to use it someday,0.30452284
muzrats exempt of course,0.2854937
"i really really hate all females! import 50 million more shitskin muzrats, then cry about ""men"" forever... see if i care.",0.8299589
"puberty and marriage are the only things that matter to a muzrat. and most of the time, not even then. arabs are among the most inbred people in the world, and muzrats more so, as cousin fucking is legal and encouraged. they are but beasts that only seek pleasure, no matter what book they pull their beliefs from.",0.6407703
"i thought that guy shot muzrats (ones who actually weren’t our enemies, seeing as how they were living in their own damn dune coon country), not wetbacks?🤔😳",0.60311776
muzrats are gonna be getting it any day now. pack your bags abdul,0.32182294
"useless whore.funny thing, if the muzrats would have killed a ton of swift-tards, then the survivors would all say: not all muslims!...and then the useless scum would still vote for leftist open border filth.",0.90451443
"yeah mate, the sebs will surely send a carrier group to help out the muzrats. they have nothing better to focus on ay.",0.17198499
"the ""we have guns"" thing is just a big cope. sure, if there were pedo muzrats around, then some joe-bob could take his deer rifle and kill them, but then joe-bob will be going to jail. no doubt, there are lots of joe-bobs out there willing to do it, and maybe that might be some form of deterrent, but i doubt it. the police state is everywhere here, and most of the ""we have guns"" crowd are also the biggest government/ cop supporting retards. so they will never do anything.",0.50789946
"fvck muzrats, that garbage doesn't belong into evropa. none of the abrahamic, lies, really.",0.90451443
how will they sic niggers and muzrats on white children now?,0.6491204
god bless saint tarrant. may many more muzrats be sent to hell,0.6611249
oh look muzrats protecting their community from a old man so brave,0.32236105
paco subhuman offended by muzrats being exterminated on the other side of the worlddo all homosexual brown mongrels have an affinity for each other?,0.6544696
"true, muzrats are being used by organised jewry as a trojan horse against white civilisation, ,much like in the us, the only difference being the kikes there are using niggers.",0.60311776
muzrats are bad at medicine therefore xy is female.,0.509388
it's time for genocide the muzrats are a cancer to the world,0.8460273
"knew this was coming. /pol/ goes after jews for the actions they take within western nations, what they do when they get to positions of power, what they bankroll, the messages they spread, policies they promote, etc. muzrats blame jews in an attempt to shift people's gaze away from something bad their in the middle of doing or something bad they've done.",0.36095104
#NAME?,0.010304171
some amerimutts like nick spic have weird fantasy tier delusions aboutle noble muslimsbecause they've never been around more than 1 at a time.jews 100% brought the muslim menace to our shores however. make no mistake. but teaming up with muzrats to own the kikes is fucking retarded. it's like contracting hiv to own cancer. both need to go.,0.74954444
"how come the pigs don't consider if maybe just maybe the protesters might be right?nah i like hitting people me i does. i like protecting muzrats i mean, do they not have braincells?",0.6027529
angry british woman tells muzrats what time it is.,0.3666224
"total killed muzrats is about 30k by cope palirats statistics and most of them are terrorists (yes hamas are in statistics)yes i know they exaggerating the death toll for propaganda.however  (you) keep crying muh genocide muh so we can't just drop the fucking 2ton bombs on them.yes i'm against massmurdering people, including palestineans. i'm against massmurdering jews, i'm against massmurdering anybody. if you want them out find another way than fucking saying people are 'crying' cause you can't just drop 'the fucking 2ton bombs on them'.i know you want palestineans out, europeans don't want angry palestineans who hate british or french or whatever in their countries either. and as you say the other muslim nations don't want them either. so you got to find someone who wants these people. that are so lunatic by your own admission that you can't even live next to them without them lobbing rockets at you or blowing themselves up.that's what my fucking point is. it's just absolutely bizarre to hear a jew of all people talk about how awesome it is to bomb people. jews should fucking know how it is like to be massmurdered shouldn't they? it's not very nice, palestineans pretty pissed off about it same as jews were at hitler after ww2.",0.6744087
"most of muzrats in eu are from syria (you may thx assad for this, which considered based somehow by nu/pol opinion),/pol/ is and always has been a bunch of anti european scum and trolls since 2014-15, i value zero of their oppinions whatsoever. you did it to yourself.nobody in europe in any country got to have a public vote about it.but we know who wants the muslims out of palestine don't we? and the syria thing and iraq and afghanistan and so on, all that was just to send muslims to europe too.",0.46982017
"most of muzrats in eu are from syria (you may thx assad for this, which considered based somehow by nu/pol opinion), pakistan, turkye, lebanon (here you thx iran with his proxy who destroyed their country).(you) fully supported immigrants, or you want to tell me that it's wrong and only da joooos supported them? that's bullshit (you) want to believe.now check percentage of palirats among them (who you accepted lol, not like you have no chose) and cry.learn that the only language you can talk with them is by holding a gun right before their heads or die.but (you) won't, you just cucked.",0.5559701
"yep, tmd is the thing, eu cucks can be angry we don't give a fuck because soon the muzrats will strike them as they feel the weakness and then we'll just sit here and laugh lol lfmao even, the lies of ackmed, all those leftish commie bullshit are sponsored by chinks and muzrats",0.8299589
"the support commie-mala harris the vice prostitute gave antifa, blm & other terrorists , islam0nazis is treasonous , and that does disqualify "" her/she/it"" from the presidency !  of course the entire depraved & despotic biden regime are #traitors & that hasn't stopped dem yet has it ?  as for kameltoe , the kackling hyena is called  sharmutha by the muzrats & as clueless as the vice prostitute was in puerto rico , harris takes sharmutha as a compliment , lol , maybe to a ho' , a compliment it is not",0.5972042
a muzrats favourite labour bitch,0.743089
they'll wind out one day but it will be too latethat's why we should produce 100% of our weapons by ourself i can find pictures of leftish faggots of any racewhats your point nigga fin?we the only ones currently who kills the muzrats while eu is coping and denying the problem,0.71760553
"we are doing something, we're slaughtering all the monkey dune coon muzrats.",0.62702215
this is the 2 tier policy that they dont have time we placed the plob in the same bucket as child raping murderous muzrats enemy of the people,0.62136006
"oh but wait wouldn’t it be totally different if the muzrats or fucked up left supporting hamas did , 2 tier system and the people are starting to wake up",0.5885171
"we whites are the easy target. arrest a musrat? thousands of them kick off arrest a white bazza type? no kick off, in fact, the opposite. tweets supporting the police, supporting the muzrats etc. we need to form a fucking community. we need to put pressure on mps. we need them to fear us. instead of us, fear them. the muslims already worked this out. the whites in england? we are too afraid of being called a name. call me right wing call me a nazi. call me a white supremacist. guess what mi5. i don't actually care. this is what they fear. they pander to muslims, because they have solidarity. the white english race? crap we're too afraid of being called a name.",0.56269526
kekus maximusthe seething level of muzrats and troonies today is 10/10fucking lolrepeat after me:youwon'tdoashit,0.8299589
why did they impprt millions of muzrats?it's part of the deal when you join (((nato))),0.2553839
"this fact also deboonks that fact that jooz import muslims, if poland is jew free, why did they impprt millions of muzrats?",0.33255672
nah it'll be smoothbrain rightoids kicking off about muzrats instead of the blacks they worship despite a coon killing their children,0.6588125
"you won't do shitkeep crying about palirats, faggots hope those muzrats kill you all",0.95048624
a better investment if £117 millions would be to use it to deport the muzrats 🐀🐀🐀🐀🐀🐀🐀🐀🐀🐀,0.4977744
"free tommy!! anything happens to him in the clink, and your political career goes down the sink. it’ll be open season on all muzrats",0.2854903
the muzrats are out to save their tranny overlord,0.5566829
muzrats riot - again. angry masked protesters chant 'allahu akbar' as cop who stamped on man's head is suspended:,0.36095104
"idgaf. i hate this country. i hate shitskins, especially niggers and muzrats. i hate females. i hate all affirmative action subhumans. i hate all leftist filth. you should kys op.",0.93383175
nigger i said swapthere is nothing worse than muzrats,0.7998551
not common but ill swap muzrats over them anytime,0.39987978
"yeah we started wars in turkey and pakistan and also killed 1 million shitskins is syriathat's why 90% muzrats in eu are from those countries zionistsyou don't even know the meaning of this word you just repeat troonie tweets, don't ya?just burn yourself for palerats make favor to world",0.71760553
"so true, this will surely teach those muzrats not to come to our countries, that's how you get people to stay in their shithole, you bomb the fuck out of it. honestly don't know what your issue is, here's some more dune coons getting their just desserts",0.75208336
"think you mean muzrats, that’s actually their fighting archetype",0.19694418
"yesterday britain faced a tsunami of third world anarchy, chaos and violence. leeds burned and islamist migrants rioting broke out into massive street battles on the streets of ‘diverse’ east london.the disturbing images of these events have naturally flooded social media. in the heavily pakistani harehills area in east leeds, footage showed vehicles, including a double decker bus, in flames after being set alight by migrants. the mass riot is believed to have broken out after social services took away four children from an allegedly abusive roma gypsy family in the harehills area. videos now show the feral crowd of invaders smashing a police car’s windows with a pram, rocks and bicycles before flipping the vehicle over onto its side. it didn’t take long before members of the pakistani muslim community to join in on the violence.these violent animals continued rampaging through english streets late into the night, destroying whatever they could get their “paws” on. the cowards of west yorkshire police simply retreated and allowed the violent foreign rioters to continue for as long as they wanted. no doubt west yorkshire police were too scared of being called 'racist' to actually do their jobs, the exact same reason why the same police force has covered up the islamist grooming gangs raping english girls for so many decades in their precincts!there is only one thing to blame for last night’s chaos in leeds, uncontrolled third world immigration. this is the inevitable result of mass immigration from backward nations with incompatible cultures. enoch powell predicted this in his 'rivers of blood' speech back in the 1960s. it doesn’t take a village idiot to realise that if you import the third world, you will become the third world! ask any south african! events of this night have proved that patriots like enoch powell and people in britain first are 110% correct. meanwhile, in ‘multicultural’ east london, shocking footage showed large numbers of muslim men clashing with police in whitechapel. it took a police car and a police van, with officers dealing with a mob of muzrats, for the police to attempt to arrest one muslim. muzziest parasite more likely! scores of wogs, some carrying lumps of wood, were involved in a third world street battle, with projectiles blithely flying through the air.the reason given for the violence in whitechapel was the 'political situation in bangladesh'. which is; tens of thousands of students in bangladesh are seeking an end to quotas that reserve 30% of government jobs for relatives of veterans in the country's 1971 war for independence. at least 100 people have been killed and more than 1,000 injured this week in clashes between police and protesters, though the death toll is expected to be higher. the country is also experiencing a nationwide internet shutdown due to the unrest. unfortunately, this explanation comes as no surprise as it is a well-known fact that native english people have been totally replaced by bangladeshi muslims in this area of london. white native brits make up less than as little as 7% of some of the areas.the wogs in question will always be more loyal to bangladesh than britain. so send the fuckers back!they would gladly burn down the whole city of london for bangladesh or islam. they can never be integrated and they will never become british. even in the empire days they were full of shite! this is exactly what nationalists have been warning of for decades, but then they were all labelled 'racist' and 'xenophobic' for telling the truth about mass immigration from the third world. now it has been proven once and for all that the so-called 'far right' has been 'right so far'.time to send all the wogs packing! fit in or fuck off!our way or paddle back to your turd world shithole! we don’t care what happens to y’all. eat each other!",0.23451406
"i sometimes hear that ""europeans are actually more racist then their american cousins"" and see maps like this pop up from time to time, but i can't figure out how that works when basically every one of them is completely cucked with hate speech laws. like are 80% of euros just constantly going in and out of jail for calling people muzrats and moon crickets? does like half of your annual salary go to paying off fines?""",0.37751234
attack israel 24/7 alllaaaahh akbaaaarrr we are strong warriors of allaaaahh israel attacks you noooo bbbbut electricity drinking watter civilians yyyou can't do that! please un save us!!i fucking hate muzrats,0.8988238
pakis/muzrats or groids?🤔😳,0.47622904
muzrats riot: police car flipped over and bus on fire in leeds as riots break out:,0.20102765
expect more of this. much more. porcine muzrats riot: leeds riots live: harehills left to burn for hours as riot police driven out by thugs:,0.4014846
paki muzrats agitate: leeds streets in flames after violent muslim thugs spark chaos and hurl bricks at police:,0.4014846
if holland can do it so can the rest of us! time to tell the muzrats to “fuck off!”,0.8115627
"had a walk round belfast the other day africans indian's and muzrats everywhere, they wanted brits out and look what sinn fein have given them ,open boarder they come straight up from the south once they land in dublin",0.30464804
muzrats cant even keep their own thread from getting occupied,0.36095104
for those libtards who voted labour/muzrats party,0.43475235
who thought it was a good idea to let in a bunch of literal barbarian muslims who believe in honor killings ect? these refugees faggots strut around and act like they own europe and bring their barbaric culture with them. the story you were sold was poor helpless women and children fleeing a syrian warzone. what the refugees actually are are a bunch of brown angry men with imperialist mindsets. muzrats don’t belong in europe.it's nothing to do with muslims you mentally ill faggot. 'kyle clifford' was not a muslim.that's just what the average english person looks like.,0.73663366
who thought it was a good idea to let in a bunch of literal barbarian muslims who believe in honor killings ect? these refugees faggots strut around and act like they own europe and bring their barbaric culture with them. the story you were sold was poor helpless women and children fleeing a syrian warzone. what the refugees actually are are a bunch of brown angry men with imperialist mindsets. muzrats don’t belong in europe.,0.62136006
"eradicate communism, stamp out corporatism. free market capitalism, end political corruption through fear of hanging, kick out useless niggers, pajeets, jews, muzrats and søys, and an absolute ban on any islamic practices of any kind. first palestine flag waved gets you shot on sight.",0.65996873
i love jews for killing muzrats,0.75208336
never thought i would say it but good going muzrats. put them freaks back in the closet where they belong. now do this fag....,0.74954444
muzrats are importing muzrats. zeman: mass migration organized by the muslim brotherhoodczech president says that migration is part of a planned gradual takeover of europe czech president miloš zeman said that the mass migration of refugees from the middle east into europe is organized by the muslim brotherhood.,0.15987846
"yesterday marked a momentous occasion in the history of patriotic politics. france’s, marine le pen’s 'rassemblement national' (rn) party emerged victorious in the first round of the french parliamentary elections, sending huge shockwaves across the libtards wef universe.the once-dominant treacherous libtard leftist emmanuel macron, has been left reeling, never imagining patriotism to poll so extraordinarily well. macron's party suffered a catastrophic wipeout in the snap election that he himself called, coming in a distant third place. some would call that divine intervention!marine le pen's rn party is on course to take an outright patriotic majority in their 'national assembly'.if that happens, france will have a nationalist prime minister for the first time in history! this victory is a testament to the power of the ballot box if people get off their backsides and get out and vote! it also sends a clear message to those who seek to destroy our nationhoods. marine le pen's triumph signifies a turning point not just in french politics but across the western world as europeans are fed up with mass immigration, fed up with woke nonsense, and pissed off of being demonised for their culture and history. the patriotic revolt was eventually bound to happen, as you can’t pick and prod and insult europeans forever in their own lands, and expect no repercussions. the wogs and muzrats lack of manners and decency have now awoken a terrible resolve in the european.le pen has been a formidable force in french politics for years, championing the rights of the french people and advocating for a return to a patriotic and strong nation, freed from woke shackles and mass immigration. our patriotic counterparts in france have delivered a crushing blow to the treacherous forces of liberalism and libtard stupidity.the french have had enough. indeed we have all had enough! it ends now! time to send the parasite wogs packing! back to their majority rule shitholes which they wanted. back to their flea infested sandpits to practice their effing sharia law in. they don’t want white peoples or christians in their squalor pits. and we don’t want their woggy presence in our lands anymore! begone!with the eu's poster boy, emmanuel macron politically battered and bruised, we have seen the unstoppable rise of nationalism and unwavering commitment to the preservation of native european cultures and identities. now it is time for our own patriotic movements, like britain first, to seize this moment when patriotism is becoming popular again. we must all rally behind the nationalist cause and work tirelessly to ensure that europe remains european! we must continue to stand together against the forces of globalism that seek to destroy our heritage and way of life.years ago, no one would have believed that marine le pen would have been able to achieve such a victory.if france can do it, so can the rest of us! let’s get it done!",0.24603334
"britain is just as bad, fucking nogs and muzrats lording it like they know they are a protected species, it almost makes me want to vote ... but i fear the deal has already been done ... good to see the tranny getting it tho 😲",0.82048255
madmoodas much as i hate muzrats and pakis... an indian is not a good source of info about anything.,0.63782936
fake trial coming up... pakistani police charge 23 muzrats for blasphemy mob:,0.28674445
"no they to stupid  till the knife at neck  and to late as there last vision it  mad muslim grinning .but history  follow ?  though movies like 'kingdom of heaven' would have you believe otherwise, the fact remains that saladin murdered his mentor and his son. other facts are... 1) the  christians  pow's after the battle of huttin were murdered to the last man. 2) 8000 christian women and girls were sold off as sex slaves to fuck . 3) when he heard balian of ibelin’s plea to spare the inhabitants of jerusalem, saladin responded, “neither amnesty nor mercy for you! our only desire is to inflict perpetual subjection upon you. ... we shall kill and capture you wholesale, spill men’s blood and reduce the poor and women to slavery for sex.”4) after the surrender of jerusalem brought about by threat of destruction of muslim holy spaces and wholesale massacre of muzrats, he balian  promptly converted to pislam the cunt  ,,tore down the cross and converted dome of rock into an islamic shrine. the mutual admiration between richard the lionheart and saladin is another lie, richard was pragmatic enough to know the weakness of his stretched supply line and saladin in turn feared richard and another christian crusade as this entry by baha ad din, saladin's chronicler shows..  ""...the number of their cavalry at this was estimated at the most as seventeen and at least as nine,and their foot soldiers were less than 1000. some said 300, others more than that. the sultan was greatly annoyed at this...""the reason why jerusalem stayed an open city.here is the corrupt face of our future leader cross sexed fucked up no knowledge and  a muslim anus snifferever since muslims invaded india 1000 years ago they have killed billions of hindu and sikh   its called history      i am in uk so we start with uk rivers",0.6426206
rattattat. goes muzrats busting up my speakeasy.,0.3969567
"uk: gee, not much “diversity” in this very long line of parasitic muzrats lining up to collect free welfare benefits:",0.52272606
i’ll insult you right now you dysgenic muzrat manlet. do something you faggot. hundreds of muzrats are being exterminated every single day and none of you can do shit because the western dick is so far down your throats.,0.9209984
the only people dying in droves are muzrats with western supplied weaponry. eat shit mohammed,0.911035
lmfaono muzrats in japan,0.3317266
what happened to serbia for attacking kosovo and other muzrats?,0.3048984
you sound like a typical arab . tell your muzrats to get out of europe next to the russians who send this shit to us,0.8629672
fucking jihad an muzrats. they are killers in europe too.,0.944597
today: dead muzratsyesderday: dead muzratstomorrow: dead muzrats,0.5885171
"he is full on kike commodity broker. funny watching his mental breakdown after the usa left afghanistan, then the punk deleted most of those videos from his kike media start-up. poor little limey kike... all he could think about was the raw resources/ commodities in afghanistan. funny how the little piece of shit limey kike never said anything bad about the british cutting and running in 2014.british are the scum of the earth. start learning to fit in with poos and muzrats scumbag.",0.76523775
"ahahaha every muslim country is a shithole and the subhuman low iq muzrats flee those shitholeshahahahahahahahahaha wez beez taken over n' sheeeeeeit!kys you low iq sand rat. you are the filth of the planet and your religion is just a made up nonsense from some faggot bastard criminal.no matter where you go, you will always be useless low iq trash, which destroys everything in the area. worse than niggers... all of you should be exterminated like rats and termites.",0.944597
"not going to happen. the democrat nigger terrorists do not do anything, when a democrat is in power.it is more likely of having a muzrat chimp-out than a nigger chimp-out. muzrats are a little more difficult for the democrats to control.",0.6667219
leftists will give the frogs some le gibs... and then all of the frog npcs will vote for flooding the le country with muzrats. it is all so predictable. the french are worse than niggers,0.68408644
"‼️🇩🇪 muzrats attempting to dictate to the german government that they must step down! ‼️👻🪱  wtaf muslims and jews all want to control the world 🗺 and every country they go to?   time to deport/send all of these jew-brooms back to their homeland.    here's a bit of history to refresh everyone's minds... the first largest immigrants/refugees group to enter europe were mostly only interested to go to germany, why's that?  only after a while did other eu countries start to be forced to take some of the burden mostly from greece and italy, why's that?  these people come from countries who do executions so now that they can have their free speech, eat their cake and trash the host they suddenly feel 'oppressed'? -thank a jew for helping them with their 'feelings' 😝👻🏆 to be the brooms of the jews.  ➰➰➰➰➰➰➰➰➰➰  🧑‍💻 ↪️ protect your privacy ↩️ 👩‍💻  🖱expats in portugal eng channel",0.5721988
"personally, idgaf, i hope the kikes and muzrats kill each other.also, why on earth would i sand around a bunch of brown filth? ewwgo back to plebbit, faggot",0.89241093
"yes.don't reply to me i had enough of the christcuck's cope. you're not going to find an excuse to explain to me how your existence of licking nigger's feet, getting shanked by muzrats and tricked by jews is ""actually good because you must suffer or some shit and also god le loves you"".",0.7308154
"dead kids in iraq over 8 yearsit was their fellow sand nigger subhumans that killed them in terrorist attacks.all of the scum seem to forget that. if it was not for the terrorists (aka muslims), then the usa would have been in and out of iraq quickly. the usa could have given more money to build up that shithole, instead of wasting lives and money on killing terrorists.btw, i don;t care about any of the shitskins. they do not care about each other. muzrats and shitskins are just the garbage of humanity, same as nigger subhumans. the would would be a better place with no niggers, no kikes, and no muzrats.",0.7998551
"we are winninghahahahaha the usa is filled with human filth. i went to an arizona mvd a few days ago. this was in a ""nice area"" or formerly nice area. mvd filled with african niggers, muzrat niggers right off the boat, filthy street shitters stinking up the place, muzrat arabs and mystery meat muzrats, white trash, and spics. maybe 100 ""people"" there, and less than a dozen normal white men. this country is fucked. the home schooled kids can try to explain verb conjugation to some 70 iq subhuman, while also never getting a job due to being a white man. this country is a gone.",0.7998551
"if i know muzrats which is part of this first wave, police stations most likely will be taken out in a first wave and probably at shift change. prisons will be high too for max diversions then cell towers and high profile gatherings. i ain't going to any july 4 where sheeple play patriotic....",0.32712606
"i have found this bit of history.dont enter my pc you may never get free,  the thinks i wrote at 35  40 years astound me at 80 yes the chivalry of saladin is a blatant lie. though movies like 'kingdom of heaven' would have you believe otherwise, the fact remains that saladin murdered his mentor and his son. other facts are... 1) the  christians  pow's after the battle of huttin were murdered to the last man. 2) 8000 christian women and girls were sold off as sex slaves. 3) when he heard balian of ibelin’s plea to spare the inhabitants of jerusalem,saladin responded, “neither amnesty nor mercy for you! our only desire is to inflict perpetual subjection upon you.  we shall kill and capture you wholesale, spill men’s blood and reduce the poor and women to sex slavery.”4) after the surrender of jerusalem brought about by threat of destruction of muslim holy spaces and wholesale massacre of muzrats, he balian  promptly converted tore down the cross and converted dome of rock into an islamic shrine.  the utter cunt so much for christians the mutual admiration between richard the lionheart and saladin is another lie, richard was pragmatic enough to know the weakness of his stretched supply line and saladin in turn feared richard and another christian crusade as this entry by baha ad din, saladin's chronicler shows..  ""...the number of their cavalry at this was estimated at the most as seventeen and at least as nine,and their foot soldiers were less than 1000. some said 300, others more than that. the sultan was greatly annoyed at this...""the reason why jerusalem stayed an open city.",0.37751234
"just wait ahi in 10 more years eucucks will be sucking our cock to teach them deal with muzrats as they will kill them on daily basisyour puppet politicians are the ones enforcy policies and laws which punish the natives from defending themselves from the invaders that you sent, you literal maggot.",0.8299589
she must be into smelly muzrats dick up her ass,0.8629672
"messed up muzrats: christian, 74, beaten and stoned to death after he was accused of 'burning the koran':",0.3969567
stil way more safe living around cobras than living around muzrats and niggers.🤔😳,0.687436
"herr derr we will pretend that we can measure the temp accurately for 140 years!look goy, we have +2 degree f in 140 yearsobviously, the temp mesuring equipment in 1880 is the same as 2022! totally the same!it's all man made!the only solution is communism and eat bugs, live in the pods, and let niggers, spics and muzrats destroy your countries! we will also die in 5 years ~ commies said 30 years ago!kill yourself for climate, commie trash!",0.7510937
it aint rocket science. all the muzrats have to do is give back the hostages,0.3389984
we don't want palestinians to starvewei hope they all die. filthy useless subhuman muzrats. funny how the filthy lowlife subhumans threaten us troops trying to feed them. by their deeds you shall know them. they are the garbage of the planet and imo they should all die. they have been only parasites on western countries forever. lowlife rats have never been self sufficient.,0.82048255
"muzrats lost, again",0.36043653
"how can a single white man get welfare? the gov would watch you die and laugh.no too long ago, the local libshits sent their cops in to bust-up a homeless camp. the tv kikes were there to show it on tv. all of the homeless where white men. the tv kikes fucked up and did a little interview with one. he was a clam white man, who described reality to the libshit good goy reporter. white men are lost... so last in line that they never ever will get anything. first the ""resources"" go to the women with children, then to the women without children, then to the ""minorities""... and that leaves this man to be a homeless guy living on an empty piece of city land, which the city does not really care about. however, the cops were sent in to forcefully remove these white guys and the very little they have. the cops and city workers threw away the very little this guy had... fuck you buddy, you need to pay taxes! the homeless guy giving the inverview was obviously capable of working and obviously not a junky, but none the less he does not matter. only the affirmative action filth matter. btw, i go to the supermarket and see african and middle eastern muzrats living off welfare and driving newer cars... they somehow matter. the gov paid for those useless filth subhumans to be brought here and housed, and clothed and fed. oh and for some unrelated reason, the crime has gone up. the stores are redesigning the locations for more theft prevention measures.",0.63782936
"whatever, they will get sent out on a call, then some muzrats will gang rape them.that would be kinda funny.",0.61223894
man those muzrats are schizo one day they celebrating firing rockets and screaming tkd another day they cry to the western cucks about muh genocide.we should drop meds for those idiots followed with nukes.,0.6863638
the muzrats won't know what's hit them soon enough,0.3969567
"oh he will lose this selection by a landslide. he is a shitty pants child molester, and a blobama skin puppet traitor, that nobody is voting for ...... if they try the ''he got the most votes in history'' it will mean a uncivil war and a lot of dead groomerfags, muzrats and criminal illegals and niggers.",0.8252207
"stupid nigger, the us government gives food aid to hundreds of millions of subhumans around the world. these muzrats in gaza have never fed themselves. kys useless nigger",0.9391453
"why are you talking about your beloved muzrats' child rape customs? the usa was never going to make it the 51st state. the usa does not even want canada, and damned sure never wanted afghanistan. if i had it my way, then the usa would have killed everyone from egypt to pakistan, after 9/11. i would have just got some ohio ssbns in the correct locations, then poof a few hundred million dead muzrats.",0.6027529
"and just 2 days ago two women were raped on bournemouth beach . bournemouth used to be a nice place for a holiday too. i guess diversity changed it quoting: cath2756 don&#039;t you remember a couple of years back , girls were getting fingered in the sea at bournemouth by muzrats who travelled down from london , it was a big thing in the news for a day or two then quickly hushed up",0.47886392
be muzratsbeg for foodbeg for development aidhave 45 kids for each female muzrathave ivf centerstill say kikes genocide themi just don't understand. hopefully the muzrats and kikes will all kill each other. both are filthy lowlife scum.,0.75208336
"your points are somewhat incoherent, that’s why.. you’re simping for mudslimes but also you don’t have any justification for why the same muzzie woman in the op tweet isn’t wearing a hijab and is taking pictures of herself for everyone on social media. so what is your thesis, what is your argument? that white women shouldn’t wear shorts on a hot day in the south and somehow this means muzrats are based or something?",0.3561489
"this is the correct position to take. a lot of people thought they could have some kind of mutual respect with muzrats, but they continually disrespect the only people who ever try to show them respect and start trying to impose themselves on those same hosts and people that are giving them respect. in that sense, they’re similar to jews.",0.3281604
muzrats have no reason to be among civilized people. period.,0.54823303
make a deal. biden and harris for all of them. the muzrats will have 2 freaks who will willingly be violated.....,0.60254884
"smelly cunt can fuck off. let the muzzie cunts kill the fags, then we'll kill the muzrats. simple.",0.9749944
a fly in the ointment for muzrats wanting to stay in the 7th century... european court upholds belgium's school head scarf ban:,0.27525392
we're coming to speakers corner' in july to take it back from the muzrats 🙏✝️ stay tuned patriots 🏴󠁧󠁢󠁥󠁮󠁧󠁿,0.2359567
israels are more white than stinky gross ugly brown cavemen muzrats,0.8540474
"serbia is another globalist flim flam pulled on the wholly retarded, feminized, disgusting, treasonous uni-party voter. it is akin to the russian reset failure only smaller but strategically again retard since the moron sheeples masters keep poking the great bear of the north. the treasonous clintonistas of both sides of the uni-party coin  backed the retard white muzrats over long traditional ally serbia a christian nation who risked everything for downed us servicemen in wwii. you traitor scum get what is due you zombie ass sheeple but the collateral damage is what all real secessionist are trying to limit...",0.6827122
eu is compeletely in muzrats hand you asshole. go away!  we are europeans you are not.  we know the dangers. german police chief 👇,0.7761081
muzrats shooting police outside of your bussheeeeeeeeeeeeeeeshhhhhhhhhfuckin retarded zoomers lol,0.91625386
7 months of a proper genocide and land displacement of muzrats and they haven't done fuck all. pisslam is just a tentacle of the kiketopus huh?fuck palestink and fuck jizzrael,0.93383175
"retard leftists who advocate in favor of people who despise them get irl v&'d.i'm supposed to care because?don't get me wrong, fuck kikes, but i don't have any more love for muzrats.",0.85333383
we have more than our share of muzrats from pakiland without importing more from other muzrat shitholeslike gaza.,0.5972042
"kikes aren’t white. i don’t simp for muzrats, i just think it’s so gay how people have this false dichotomy where they think they have to pick sides in foreign disputes.if you don’t suck kike dick, then you support muslimsno, kikes are the ones largely ushering in globalism and maaa immigration.hurrdurr you can’t use nigger lingo in a humorous deprecating manneri don’t care.",0.8403191
"this would be an alright statement if it wasn’t accompanied by the implication that you suck kike cockwhat’s up with this linear thinking people have?if x is bad, then y is goodno nigga, jews and muzrats are both cringe but at least some muzzies want to stay in their own countries and don’t disproportionately control everything like jews and media, finance, politics ect",0.82048255
"exclusive: missing muzrats: the home office loses at least 21,000 asylum seekers in five years - and the true figure could be far higher:",0.085582085
"mossad ""assets"" (((tommy rabbi-son))) and pseudo-intellectual carl benjamin a.k.a. (((sargon of akkad)))chew the cud on how the muzrats are taking over the country....",0.33504707
that’s because this board is full of the fuckers.brown muzrats in every thread. /pol/ was so worried about refugees in the real world that they did nothing to stop the muzrats from flooding this board.,0.7998551
ain’t she a zionist?are you implying that jews are the lesser evil compared to muzrats? can it be true?,0.39231625
every jew i know wants you to gas your muzrats. why do you think we wouldn't want you to import them.,0.52272606
do you need any more proof that /pol/ is full of brown muzrats that only dislike israel because they see them as “white supremscist apartheid colonizers”?jews do somethingwhite people get blamedsmelly brown retards lap it up,0.6667219
pol is full of brown muzrats now,0.41690505
b-but the jewsi don’t care. muzrats aren’t good either. why simp for either?,0.47119883
"idk man a bear is more likely to leave a woman alone unless it feels threatened or hungry vs some nigger or creeper who would be trying to fuck her or hit on herremember, when women complain about “men” a lot of them are actually complaining about male niggers, muzrats and other undesirables, not white chads.",0.7570315
"that would be a valid point, though the unfortunate reality is we finance all of these jewish kike zionist wars, while simultaneously taking in the dune coon muzrats as “refugees”.😳🤬",0.5140397
"originally posted by hingdog: ↑ offense is often the best defense. in this case, if the idf don&#039;t finish the job they&#039;ll be back to swatting hamas attacks and israelis will be back to living under the constant threat of attack. the muzrats should just learn to live in peace rather than needing to constantly be killing people still no admission of culpability or failure to &#039;defend&#039; or &#039;protect&#039; ...",0.36095104
"t. posting holocaust and october 7th photosyou're never getting that high back, abdul. palirats filmed themselves murdering children on october 7th and the whole world knows what they did, except insane muzrats like you. you're alone.",0.52139956
"all muzrats do that. after all, they have to justify that their muhammad had a young girl as a bride that he probably captured during his warmongering conquests =/",0.3250515
peoplehuh? you mean muzrats? they can leave to your shithole country or egypt idk we don't give a fucktmd,0.88599813
kek ahi just look at those muzrats seething ittnothing better than this,0.3281604
why did jews bring the muzrats in? did they never foresee this conflict of interest?,0.32557452
german official chased out of palestine museum by angry students; watch what he tweeted later  i am german and i hate muzrats,0.54823303
german official chased out of palestine museum by angry students; watch what he tweeted lateri am german and i hate muzrats,0.52007306
rest of us in peacerest of usyou mean goatfucking muzrats and towel head kahlistanis?,0.74954444
thousands of muzrats in hamburg demanding a caliphate germany😡😡😡,0.39842087
thousands of muzrats in hamburg demanding a caliphate germany😡😡,0.39231625
but first let them clear up muzrats then we can get them abdul .,0.27525392
they are helping mother earth by cleansing muzrats . what a great gesture to witness .,0.45549932
no doubt the muzrats can fuck right off to hell. but jews are by far more insidious and have been for thousands of years. actually read the informational below you stupid fucking kike. we know jews time is limited. where did you go before? molesting children in tunnels? synagogue of satan.,0.90451443
"""eyeguy said: 			""if you're a drag kid and you know it, shout 'free palestine!''""view attachment 5939721""click to expand...""you know if israel wants to take a break from hitting the muzrats, could they send a few rockets towards california?",0.4014846
"this is great news! communists eating their own is glorious!the communist elite clutching their pearls over the street communists doing exactly what they're told. i can't wait for these protests to escalate.i don't give a fuck about the muzrats, nor do i give a fuck about the jews. them killing each other off is like the earth taking a shit. but the communists imploding upon themselves is beautiful.",0.76523775
"they’re mostly brown sandnigger muzrats and a couple marxist antifa trannies. if you identify with these people, then you’re kinda cringey.",0.687436
so i live in alberta canaukastan and a fucking nigger jumped in my car while i was waiting for a family member outside a store needless to say that nigger didn't expect the extreme violent reaction that was as fast as a bolt of lightning.  after being ejectect from my car with extreme prejudice he got his somali ass and teeth kicked in . i even introduced him to a nice spicy spray for the finishing touch.  this is canada all niggers need to leave or die. this goes for shit skins muzrats ect..,0.9029226
it's time for your daily reminder that there is no political solution to the current situation.so join my political movement.glowniggers tongue my anus. you should send more mkultra activation codes to the muzrats in sydney and hope that schizo wogs accidentally receive them like last weekend.,0.718943
"you fucking retard, yet you have no problem with the muzrats doing it? you’re intellectually dishonest af.",0.9563754
this board of full of brown muzrats now too. the irony of this board being overtaken by brown refugees in the cyberspace.,0.47323486
"arab muzrats ‼️ in america‼️ anti-israel protester screams 'go back to poland' at demonstrators with israeli flag outside columbia, harrowing video shows",0.47886392
"geht zurück nach polen, sagen sagen araber kanacken ‼️ zu juden in amerika‼️👇videoarab muzrats ‼️ in america‼️ anti-israel protester screams 'go back to poland' at demonstrators with israeli flag outside columbia, harrowing video shows",0.60311776
"i think there are a few reason males refuse to act like men in the west. one is most sat around listening to a bunch of commies in indoctrination. why do you think most skrewels took out shop class? one is an effiminates life can be damn cozy. afterall all the business interest are for the most part homos. so, if you are a do nothing male other homos sense this. i don't mean selections every 2 or 4 years either lame brains. i have been a free man all my life. i came of age at the beginning of your masters deindustrialization treason. raised a democrat but knew i was more like reagan than any commie carter. gave a pro reagan speach in front of a bunch black muzrats and other criminals from the hood my first year as a non democrat. notice i said non- democrat not gop?",0.47622904
keeeeeeek muzrats really do this,0.4269174
"this, its not real money it's coupons for overpriced weapons you produceactually your ""help"" is bad for us because it gives you control over our shitty gov, we could just drop napalm over muzrats if not your ""help""",0.6342749
"so then don’t take a side? sandniggers want to replace you and import all their muzzie refugee cousins and try to push imperialism on you too. there are muzrats in europe right now telling the indigenous population that they’re not allowed to drink alcohol or have dogs as pets, ect",0.55739564
"nope. just because jews are bad doesn’t mean muzrats can be trusted, or that they should be coming into western countries en massed as refugees with their imperialist ideologies",0.43965456
we should send millions of muzrats to those countries voted yes,0.39441586
suck it muzrats you can't do anything.,0.85173553
"looks like the (((muzrats))) are getting their ""fair share"" of the (((chemtrail))) and haarp generated rain....",0.37458646
pajeets are demons. same with muzrats,0.5532103
"fucking cunt,fishing for votes,so it doesn't matter about the indigenous white girls being groomed and raped by muzrats,or the countless stabbings being carried out by new invading goat fuckers",0.9209984
"muzrats in houston, texas know their quran... muslims praise the october 7th hamas massacre in israel, while calling for the “cancerous tumour that is zionism to be exterminated”:",0.54823303
"a convert muzrat, thats a trustworthy bastard eh. the tide will turn sure as the sun comes up then i expect to see mongrel bred muzrats on the run.",0.63782936
and she's 15 years old.this is what you get when you let the muzrats in,0.3245134
as usual you all put up with this. the indigenous english are a bunch of gutless cowards. all you do is complain and do nothing.  the prisons should be full of patriots. not kidding fiddling muzrats. militias now! fukn riot!,0.7252971
"corrupted old faggot which sponsored hamas with his 70 iq mizrahi and haredi cocksuck party must be thrown to jail. thats the point, noone wants to stop the war actually it's the opposite lol, this fucker is the best muzrats can get but they are too stupid to understand that.",0.8629672
"send them to the uk, we'll swap you for the muzrats",0.43230394
so which side should i support? its based that iran is not giving in to us globohomo. but they are also muzrats,0.33338684
exactly and they have been doing it for years! this is typical for irnaina trolls and russian and north korean trolls etc they have no facts and then you are a jew😂 that is all they are trained for. ridiculous. there is 1 billion muzrats on earth breading like wild rabbits.,0.6289369
"he may be a liberal boomer, but he's not fucking wrongmurder every last piece of jewish filth on this planetlet the muzrats have their deserts back and reclaim our homelands",0.8460273
"the judicial branch needs a total overhaul with some stipulations like they have to be able to read, no commies or muzrats and no qualified immunity.",0.28547668
who let the muzrats in ?,0.2922276
"when we go after the muzrats, the politicians and the police are getting it too!",0.30319387
"when the english, scottish, welsh and the irish stand together muzrats are done for. let's get it on!",0.2922276
"such treacherous muzrats shouldn't be anywhere in the us🇺🇸 much less in the judicial system ,",0.50759226
in a place where scotch is whiskey & muzrats shun whiskey ... wtf did the scotts let them in & ytf did the muzrats come ?,0.47886392
typical muzrats takes 5 to do 1,0.37694603
"yeah, whatever. keep simping for (((the tribe))), bosniak (i thought you muzrats didn’t like jewish kikes - your one good trait🤔🤔).😳😳",0.45921504
"so what is decent? 25.00 an hour to pour some coffee. being a barrista is not a career move. it,s an  entry level job to prepare you for the real world, sadly most won,t/can,t see it. go have a kid because the muzrats are out breeding you. wake up amrica.",0.32397532
then why is pislam different from christianity?,0.10522962
i wonder if telegram suppresses channels critical of pislam..,0.1996317
pislam state.. terrorinmates take hostages in russian prison,0.3625127
"we don't hate religion, only pislam then they threw an absolute anti-catholic hissy fit in the 60'sthe fuck are you talking about",0.76523775
"that was his plan until pislam pull out. ufc needed a big fight for abu... in their rearrangement they thrown money on pereira to save a card earlier.if i'm not mistaken, if not pereira, the only champion left to fight would be patoja, who is not a big seller",0.05725329
"renato rebelo already said... pislam broke his hand so ufc needed a biig fight for abu dhabi, so they moved max there and asked pereira again to save their ass cause salt lake shit would need another big fight.i'm sure cuckalaev was offered to fight pereira in nov/dec prior to that but he denied cause he don't want to fight away from home.and i bet once again ufc is paying alex a fuck load to save their ass again.but i do agree with what jamal said. volkan osdemi could've been a better choice. they probably tried him tho and something went wrong.",0.60311776
"i know shitskins are horrible regardless of religion, pislam was always a militant arm of judaism, same way christkikery is.",0.718943
you need to be the product of at least 10 generations of inbreeding to be susceptible to pislam.,0.3389984
fuck you muzzie and fuck your tranny loving pislam,0.9880789
"why are russians scared of these cunts?have you seen how the average russian fights?besides, chechen bugaloo 1 and 2 involved way more than just chechens. mooselbum fighters from all over the pislam world showed up to have their crack at boi puccia.",0.60152835
"so what? amerimutts crawled out of who knows what cunt of ""european decent"", yet they are all rootless cosmopolitans whose only culture is consumerism, similarly albanians accepted pislam and lost their customs if they had any, while you are even worse, a second generation migrant that cannot even properly speak albanian, and lashes against serbs due to his inferiority complex and lack of belonging, i bet serbs feel sorry and ashamed for chasing your parents away, otherwise they wouldn't have to endure your sperging and general albanian chimpouts",0.60152835
"pislam is a religion of inbreading, pedohpelia and violence",0.7761081
"too late anon. mossad musk already spread the propoganda to the masses  ottoman safavid ?nigger its about us take your gay shit somewhere else. 16th century maratha genocided the mughals .17th century sikh empire buttfucked any muslim rat found alive. this is the exact time european started to get hold on sea shores. its a fact there wouldnt be a single muslim in south asia if not anglos. up until 18th century entire south asia had barely 15 percent muslim including afghanistan .pislam unironicslly has been more effective under kiked globohomo then under muh golden age .you know why, because mughal were literal faggots .islam in india is tranny faggot pride parade",0.7510937
"£29 million extra to defend mosques! why fucking planet is the uk government on?the government supports the barbaric paedophile cult of pislam, the government are traitors to the british people.",0.7856813
"get back to us after some shitskin pislam nigger rapes and decapitates your 9 year old daughter. you deserve extinction, cunt",0.9391453
"also ensure the cut off from southern border .no more auto manufacturing kikes making factories in mexico and then importing shit to america. we should divide southen half into three part ruled by chink slav and aryans and from there control entire american subcontinent  i know most anglos has nothing to do with it. niggers didnt knew where india was. most anglokikes though were sent by church and other were tribal niggers converted to pislam .both brought jews with them and all 3 worked together. no one here will fall for these 3 pointing fingers at each other when the people start to swing their axe .the three virus spread together i am just fucking with faggots because anglokikes created pakistan on the same premise, indians wanting islam out",0.65996873
they would be ok if they dropped the cringe pislam larp.,0.44002727
instead of the pali flag just make it a banner with “pislam” on it,0.23667802
"churkas are not amenable to assimilation, idiot.these are dirt and eternal rapists of slavic children and goats.caucasians can be assimilated, but for this you need to remove pislam",0.8299589
the truth about pislam.,0.07054565
the world doenst care about jews or drive of kurds. they o e care about not upsetting pislam  and its monsters 👹,0.62702215
"this does not cancel the degenerative influence such as pislam, inbreed marriage, sex with goats and so on.",0.6027529
"uk: jeremy corbyn visits mosque where antisemitic?  anti every religion but pislam  imam spoke to thank ‘brothers and sisters’ for his reelection.it doesn’t matter to anyone who supports corbyn that the mosque where he appeared “hosted an egyptian imam, omar abdelkafi, who pledged to ‘liberate’ al-aqsa mosque in jerusalem from the ‘filth of the jews.'” jew-hatred has been normalized on the left.the hatred of others long preceeded any of the modern conflicts; long before the ‘palestinian/jewish’ problem. the colonialism of arab islam, along with the modern marxist colonialism, work quite easily together in this regard. hatred being the operative word… and those like corbyn have no problem whatsoever ignoring any and all of that. progressives and jihadists demand the erasure of history and have acted this way for a very long time",0.39441586
"deport these vermin asap ! they are here just to destroy all western civilizations! and to invade more countries for pislam, their disgusting ☪️🗡️👹🗡️☪️ death cult ! stop being so fuxxing weak and tolerant with islamic vermin ! that's suicide! but of course liberal, globalist traitors want to destroy nation states aswell...",0.8460273
"pislam is a religion of niggers worshipping a pig and a child fucker ""prophet"" (piss be upon him)",0.9563754
more like one pislam is real,0.15158679
that diaper wearing iran moefti you know the one they killed in the helikopter?he ended mohamads secret jihad he said al muslims need to come back to there home country.......................thats why he was killed by his own..........pislam/muslims  are the worst that humanity has to offer.,0.681338
"thx for the likes  what has gone wrong our leaders politician's new rules  every one appears to smash the people of this island down with idiotic laws and  muslim  invaders  no matter that the koran and hadith say muslims can fuck non muslim females  its written any one can read it    but the rank media  5 life bans on facebook istanbanned many times on youtube for posting from a holy book books koran /hadith     but never the filth in the bible    its just pislam youtube protects  say to those who disbelieve: you shall be vanquished, and driven together to hell; and evil is in the resting place. - koran, surah iii: 12, ""the family of imran.""sounds like war to me... its holy piss in islam  best fresh  &gt; hope you not eating?",0.6020386
nato wants and needs war as they are pro evil leftist nwo under the evil leftist nwo no country is allowed to have own military or own military equipment everything belongs then to nato. under the evil leftist nwo the depopulation starts and pislam is the one world religion and un rules the world. look it up foryaself agendas 21 and 30,0.37751234
can’t wait till europeans go full reconquista and force every pislam worshipper to convert or get deported.,0.4269174
"never heard the term ""mudslime""plebbit spacingthinks clever, creative, original insults came from kikes.ha ha. anon, listen... you're so far off i'm not sure we can correct. the fact that you think any clever insults for pislam must have come from kikes shows how deeply the kike propaganda has you.jews aren't creative, anon. they have no capacity for invention or innovation. they can only use that which has already been created.there is literally nothing on the planet that originally came from a jew. jews are wholly incapable of original thought.",0.51980776
"in great britain , east london there is an islamic  ☪️☪️👹🗡️🗡️ sharia council ! the area is heavily populated by muslims from pakistan, india etc. now they have their own court and their own laws ! they are not allowed to call it ""court "" but that's what it is ! it's sharia-laws 🤬👹🗡️☪️ and islamic sharia court in london ! only english secular law should apply in great britain. not anything to do with pislam and it's backwards death-cult but here you have it : islamic sharia court in london, england !  and as always : only britain first -party 🇬🇧🇬🇧 is there to protest !",0.50789946
"anarchocommunism somehow manages to be more retarded.it's a bit like you think they're couldn't be a stupider religion than pislam, but somehow nation of islam pulls it off.",0.6667219
"no they to stupid  till the knife at neck  and to late as there last vision it  mad muslim grinning .but history  follow ?  though movies like 'kingdom of heaven' would have you believe otherwise, the fact remains that saladin murdered his mentor and his son. other facts are... 1) the  christians  pow's after the battle of huttin were murdered to the last man. 2) 8000 christian women and girls were sold off as sex slaves to fuck . 3) when he heard balian of ibelin’s plea to spare the inhabitants of jerusalem, saladin responded, “neither amnesty nor mercy for you! our only desire is to inflict perpetual subjection upon you. ... we shall kill and capture you wholesale, spill men’s blood and reduce the poor and women to slavery for sex.”4) after the surrender of jerusalem brought about by threat of destruction of muslim holy spaces and wholesale massacre of muzrats, he balian  promptly converted to pislam the cunt  ,,tore down the cross and converted dome of rock into an islamic shrine. the mutual admiration between richard the lionheart and saladin is another lie, richard was pragmatic enough to know the weakness of his stretched supply line and saladin in turn feared richard and another christian crusade as this entry by baha ad din, saladin's chronicler shows..  ""...the number of their cavalry at this was estimated at the most as seventeen and at least as nine,and their foot soldiers were less than 1000. some said 300, others more than that. the sultan was greatly annoyed at this...""the reason why jerusalem stayed an open city.here is the corrupt face of our future leader cross sexed fucked up no knowledge and  a muslim anus snifferever since muslims invaded india 1000 years ago they have killed billions of hindu and sikh   its called history      i am in uk so we start with uk rivers",0.6426206
the persians were high iq. pisslam moved in and it became an inbred shithole. pislam is bug ridden malware written by a pedo.,0.8299589
can't deny lolocost in russia can't say pislamcan't nazi larplooks like chuds ain't welcome with saviours of white race,0.4826145
"i don't care that much about pislam. all non aryans got to go, jews first. no exception.",0.47119883
cowards always hide behind moral superiority.we would all convert to pislam before we would revolt against a system that hates us.,0.47173777
my morals and beliefs are i don't worship pedophile rapists. the exact opposite of pislam.,0.51869136
pislam,0.04686289
so the islamists are spreading their cult by the sword on each others since the 6ad but spread it peacefully on pagans because pislam means peace?kek,0.34757367
"if a genetically white person accepted pislam, then his intelligence is comparable to that of a stool. such a person cannot be considered white.he's right.",0.6020386
heh fuckin cuks !! pislam!!! i would say it to their face!!,0.9391453
"if george costanza is a muslim, then yes. picrel looks (and acts) like someone that's follows pislam.",0.28547668
nothing to see hereonly religion of peace in action pislam,0.21642438
christianity is a necessary evil against pislam,0.60152835
pislam is so fucking gaaaaaay.,0.9749944
in 50 years pislam will be the world dominant religion it's over,0.36095104
egypt is only &quot;friend&quot; so that they and their pislam can benefit from it.,0.3389984
pislam means submissive to allahore slave of allah/satan,0.6407703
who pays close attention recognises the nazis/marxists/globalists who are hard at work to get ww iii going besides want under the evil leftist nwo/lwo pislam as one world religion they are not protecting but destroying the world for their evil lwo agenda!!!,0.45751464
"i don't own anything pislam in my home, and i'd burn it if i did.",0.5885171
"o no its clown po  lice   &gt; emperor's new clothes cameras only to show there stupidity  its like the story  emperor's new clothes uniform policy.  only the intelligent could see them  but in fact they did no exist.these are the same po  lice who turned their backs as muslim rape gangs raped in 20 years 18, 000 under age girls  the muslims plied the little girls with booze and drugs  and if they refused to me raped and passed around  gang banned by muslims  the muslims said we will punish your families     look it up its all on line  there were even some muslim po  lice joined inyou see under pislam muslim men are allowed to rape none muslim females of any age look it up it is written is a muslim using taqiyya  he lies he was brought  up to rape non muslim females    is all about islam non-muslim women are viewed by devout muslims as theirs to be raped, to enjoy sex, to use as breeding cow to produce more. .muslim children,most people in the non-islamic world are still deeply ignorant of this strategy of using one’s sexual organ and sexual act as a tool of islamic jihad. if you kill a muslim cut his sex organs off and burn them doing this his sex will be missing when he gets his 72 virgins and little boys in jenna paradise.",0.64447093
pislam is stupid,0.8988238
when israel are going to nuke these pislam fanatics?,0.5972042
"abrahamick-religions  roman-,judeo,pislam,satanism -all denominations.......have infiltrated and subverted christianity-do no harm -take no harm  - subverted to turn the other cheekusury = slavery --- subverted to work to pay taxes=usury rent = usury-toreal christians have 6 rules.  not these subversion's ""10 commandments"" 7-noahide-laws- sharia-law all satanic/slavery in origin.idols like the turin-popery-fake do not belong to christian living",0.44002727
flodder family or islamic hate nearby 😆 kick pislam out!! 👌,0.681338
"tell me what passage and i'll believe you. alltough i know pislam is a shit religion, i can't remember reading that tarhammad did that in the whorean",0.8115627
oirier will do to pislam what piff did to smetrino,0.27750343
"normal daily walks in pakistan, iran, afganistan , sudan etc. 3.rd world shithole 💩💩 countries ruled by pislamic ☪️☪️👹👹sharia-laws....muslims are the real threath to any western civilizations. despite that , our leaders have allowed millions of muslims to immigrate to europe, usa...and are still  preaching values of multiculturalism ! pislam is totally incompatible with christian values, western civilizations. it should be chrystal clear for everybody by now ! islam is the true satan worshipping cult 👹👹, they have truly shown the world that since pedo-mohammed started the war 🗡️🗡️against christians and jews.",0.72028047
pislam is cancer.,0.8252207
the indo-european sodosemite abrahamic aryan alien cults deny they have taken that story from sumer like they deny their mesopotamian roots. they claim their kike mythical forefather run away from mesopotamia and settled in ancient egypt where his descendant kikes were used to built the pyramids for free and that angered the abrahamic aryan alien cult god who genocided the ancient egyptians. the kikes celebrate that genocide to this day with the modern descendants of the ancient egyptians who corroborate that story in their gayreek coptic holy book and sodosemite pislam holy book.,0.52139956
yes from 1450 years ago when they and mohammed chopped off 800 jews heads off and the women made into to slaves  battle of the trench  but why?  the jews would not convert the pislam ever since it has been way    they will always camp in the face of their enemies.,0.3827457
in the end as enoch powell said its is we the people   must take control our politicians are putting their head up islams sewage out fallfor the muslim vote .  we require a french type revolution  it is time to cleans the hive  of all the muslim/politician muslim anus suckers   there will be blood as mr powell said   you see muslims/islam only respect force their death  (after all then they get there 72 virgins and little boy spread as pearls? )    its up to we the people   this is the insanity of pislam  from fucking there first cousins for ages,0.5716857
"why are priests like this?they’re not priests for one, no one who genuinely believes in christ would do that, plus christianity isn’t pislam, degenerates can leave without repercussion, they don’t bc they want to bring it down from the inside. look up dr bella dodd",0.39021665
"muh infowar, muh pislam, muh gay nigger dugyn. evrope was destroyed during ww2 good morning. and hohols never invetend shit in muh western europe, if being brainlet nigger with white skin counts as achievement you are delusional. even if six gazzilion hohols or russian would die, nothing would change, slavs are not white.( i am slav btw)",0.7856813
you are literally a malaymonkey. i dont know if monkeys even go to hell in pislam lol,0.78711975
pislam also talks highly of drinking camel urine.,0.4475325
they would support iran in a conflict against the us government since this government is no longer for the people and the people themselves would not support this government. the sad part is that the women protesting that would do this have no historical knowledge of what they are thought of in pislam. they may be shocked if they succeeded.,0.113263406
"we've always had retarded nazis on here and they worship their complete failure of ""hero"" who guzzled mudslime semen.fuck pislam, their pedo false prophet is burning in hell.",0.944597
"paki nigger you literally live like this and think it's normal no thanks, keep your pislam, judaism, and christianity.",0.85333383
"christcuckstainity, yidaism, and pislam were invented during the great reset of 1860-1920 during the time when our memories of the giants, tartaria, and our glory were erased and replaced with khazarian lies",0.37751234
"if accepting jesus as their savior includes renouncing all the satanic lies in the koran and the talmud and confirming that the catholic church is the one that jesus founded then we're on the same page my friend. as far as waraqah ibn nafzal is concerned, i am going to read up on that. it is difficult to believe that a christian was allowed to live within mohamed's family since he had as his mission to convert christians to pislam or murder them for refusing.",0.3389984
"fuck you christianity, jewdism, and pislam were made after 1800",0.95048624
"of course, the only thing that unites caucasians and turks is pislam, fortunately the most purebred caucasians (georgians) were not infected with this crap.",0.65996873
zero jew deaths pislam sisters not like this.,0.47886392
fuck pislam the slave warmongers,0.968226
"""brits should be prepared to be called up to fight for their country and have been 'infantilised' since the end of the cold war, former mi6 chief sir alex younger says . . .""so, which ""brits"" might they be junger? the #uniparty parasite puppet shitskin imports? being otherwise engaged most of yesterday i'm a bit late to this. aye, slur smart alec junger banging on about folk being ""infantilised"". bloody inflammatory clickbait bullshit. captive #bluepill brit normies are a neat fit #redpill brits are not.the #woke fuckers who are ""infantilised"" are of course the captured parasite puppets in #wefminster, shitehall and fuckingham palace. aye, how they banged on about the ""cold war dividend"" as if the menace of pislam doesn't exist. there's a #bipolar world cold war going on between pislam and everyone else on the planet. it'll develop into a shooting war with many western nations already occupied and colonised by #jihadist sleeper armies.if any ""call up"" is issued for a corporate state war between #whites which pislam will exploit,  i suggest calling up entitled queer matthew parris and his ""assisted dying"" cabal. if it's an early assisted death they want then that is what they should get. 😡",0.52811706
"this shit is so funny. a lot of pislam's ""holy texts"" are like this. like when muhmmad attended someone's wedding and thought the girl he was going to marry was pretty hot so he interrupted the wedding and said ""yo hey... so... allah wants me to marry her. yeah actually sorry, allah wants this one for me. don't argue or that's haram and i will behead you. your wife-to-be is mine now"" and then takes the guy's wife for himself. it's fucking hilarious. pislam is such a joke.",0.8778702
"cuck movie.""le pislam did nothing wrong and are noble warriors""""we, le christians, are the aggressors even though the land we are fighting for was christian before the muslims took over. we need to learn how to be peaceful.""i used to like this movie, but i can't watch it anymore.",0.4269174
"yipee banned from you tube istan for 24 hours  for truth from the holy cuntram ups koranwhen when the patriots  act   after muslim rape our little girls  ie muslim grooming gangs grooming are they hairdressersthe koran allows for muslims to rape our females  under shit law   you cannot say no  that would be upsetting muslims the result&gt;this  -   quran (5:33)  ""the punishment of those who wage war against (myth) allah and his (sex mad  pedo  )messenger and strive to make mischief   ( say no to pislam) in the land is only this, that they should be murdered or crucified or their hands and their feet should be cut off on opposite sides or they should be imprisoned; this shall be as a disgrace for them in this world, and in the hereafter they shall have a grievous chastisementand our leaders suck islam s anus ??",0.7105462
we have leftist nazi/marxist domestic terrorists illegal govern propably all pislam converts who lie when they open their mouth!!! christianity they attack coz of the lwo the leftist global worldorder where pislam is the one world religion. all christian holidays are on attack they started with easter rest will follow!!!,0.5972042
jihadi joe is not running the show but moslem gay rat obama is and jihadi joe is not a christian but propably converted to pislam!!!,0.75208336
an islamic war on all our streets is coming closeryou stand against a muslim or know his cult books  their only recourse is to kiilthis started soon after mad mohammed in vented pislam and its all recorded in the hadiths   as i know,0.4475325
"kike devils have no sympathy for innocent  animals, after all pislam is one of their off-shoots",0.6407703
pislam is gay,0.7998551
as it is bs we did not miss anything as christians are prosecuted but as we know the nwo wants pislam as world religion our luck is that there are 2 worldorders the evil leftist nwo or as the left calls it lwo and the 2nd one,0.39021665
"subhanallah the retard converted to pislam, ass slam while i cum brother.",0.91625386
its customary in pislam to take your shoes off before being killed,0.4269174
kys shitskin dothead/spic/raghead/muttoid,0.6989911
"and? is that supposed to impress me? a terrorist raghead is a terrorist raghead, don't care if they're carrying crosses or moons.",0.41168427
"you think trump should care more about the united states than israel?what are you, some kind of raghead camelfucker?desantis was right. you are listless vessels.",0.76197964
"imagine siding with radical raghead arab muslims that will literally cut your head off, or drown you in a cage, over faggot jews that just want to snip some skin off your penis as they suck it off.",0.9209984
"sure a raghead telling the truth, he's wearing a clown hat so he thinks hes' improper and is a man in a woman's body~",0.48021027
hypersonicnew raghead buzzword dropped,0.18554166
are you a fucking shitstain raghead terrorist supporter? ..yup.. check your cell phone 🤣😂,0.9391453
"ohh that makes sense, they've been adding a lot of raghead characters lately",0.11357342
no its called free speech. stay in your shit hole wasteland subcontinent if you dont want to get called a shitskin raghead,0.89241093
raghead just revealed their beliefs!!!,0.23415339
"no, raghead sexpest",0.47886392
the groypers might be the greatest kike psyop ever. there's no way anyone can be this pathetic and expect me to not support the kikes absolutely glassing every raghead country all the way to the indian border.,0.5532103
if israel actually decided to kill raghead kidsiflmao israel probably has the highest child:combatant kill ratio of any military in the world.,0.4645176
if this raghead refuses to say then it is code for he knew everything!!!!,0.43475235
"might want to research your history a little deeper...dipshit.  a lot of that was the adoption of karl marxs' bullshit ideology. he had jewish ancestry, but was a ""lapsed christian.""you must be a goat fucking raghead...",0.9029226
shockrock page for another raghead. or just a meme.. 😂,0.37751234
lots stop spamming your retarded lefty raghead whine about rejecting reality you sad fuck.,0.93383175
how imagine if israel actually decided to kill raghead kids. hamas and hezbollah and by extension iran are fucking scum and not just that but inept and subhuman,0.85850734
"wouldn't it be great if all electronic devices exploded, world wide, simultaneously? not just raghead shitholesimagine the immediate reset back to saner pre-2007 world thanks to this electronic rapturehopefully the public opinion will turn against ""smart"" devices and anything remotely electro-mechanical, ushering in the great electronic prohibition where humans could live like humans once again",0.43720075
"personally i love watching them hebrew's shoving that yuge red hot! throbbing flaming kosher kishka way way up the @$$ of them filthy raghead sand/viggers packastanleyian goat-ball-sack=(scrotum) licking camel-penis-sucking bitches!!!! plus believe me as our real president president donald j. """"maga-man"""" trump always likes to say no a real fan of them fucking mo'nay grubbing fucking hebrews neither!!!! but! sure do enjoy watching them good ole' boy's anytime they're corn-holing fucking filthy raghead sand/viggers packastanleyian goat-ball-sack=(scrotum) licking camel-penis-sucking bitches in the @$$ like beaucoup big league!!!! hey nettanyahoo pork a few of them slimy basturds for me while yawl at benji!!!!!!! pure mazel tov!!!! hello!!!! geesh!!!! oy vey!!!!",0.8460273
how come facebook market place in the lebanon and syria have all those cheap pagers for sale. who said the jews were dills. raghead ratbags terrorists stop the crap as the next move might create the biggest car parks in the world.,0.62702215
"hezzies will just have to return to carrier pigeons,and israelis will just go pigeon hunting: easier to hit than dove, because they are biggerpoor little abdullah, back to the 8th century for that raghead",0.5024724
"those are indiscriminate too, but we're not talking about what can a raghead achieve on a budget here (not much), we're talking about the most technologically and militarily sophisticated and well funded entity in the world engaging in a large scale terrorism operation with capillary reach that would make a bond villain blush. now that i come to think about it, it's kinda the same thing the villain played by samuel lee jackson did in kingsmen lol.",0.21776234
for you my raghead friend free,0.36456755
"... with those. stop using white man&#039;s infidel tech, you raghead...",0.60254884
"e-p-i-c!!!!! the more goat-fucking, raghead  pedophiles killed and obliterated, the better for the planet!   👏 👏👏👏👏 #goisraelgo 💥💥💥",0.8629672
"it's more about the fact kikes got the balls to do to raghead thugs what most western governments brainwashed by leftoid jews don't dare to dindus and assorted subhuman scum, it's great for once to see them suffer as they deserve. imagine if cia or fbi had the balls to do this to every nigger gangsta, jew-subverter, spic narco and local flavor of mafia. and yes, you can point at my flag all you want, as pic related stated, i don't have to support other global-southerners and non-whites if they are shit.",0.6852916
"i'm sorry you can't fuck goats and children anymore. cope and seethe, raghead.",0.8696708
fuck the raghead bitches!!!,0.9749944
"cope harder. black women are the sexiest (best faces and curves). cracker, jeet, raghead, gook women are the ugliest. spic goblinas who are more indigenous are the second prettiest after black women.",0.6863638
"even way back then they had to have at least one nigger and a raghead in the video! mccartney the douche bag, who hasn't died yet from 6 booster shots turned out to be a virulent shitlib, scum bag!",0.7856813
ha! ha! ha! ha! ha! ha! ha! ha! ha! ha!!!! here i try tell them fucking goofy @$$ raghead hezbollah sand/viggers bitches no buy no fucking pager's at reuben &amp; maury's electronics-emporium corner of west 59th &amp; jewruselum avenues deep in the heart of downtown beirut???? hillaryious!!!!!!!!,0.911035
"kek all the ""i-if you're against shitskins you must be a kike!!"" raghead replies, every single time",0.6308517
these pagers could have been used by anyone.but they were used by subhumansbig raghead l. but then that's par the course as of 2024,0.27975297
no one cares you hook nosed rats. go kill each other. kike raghead,0.9061063
"sorry pajeet, but even the dirtiest cave-dwelling raghead is better than literal shit-eaters.",0.7510937
no it's not and you'll soon find out raghead.,0.2854699
"kek, both have ndp out in front. let me guess both have had diarrhea amounts of jeets, so gotta vote for the raghead with a rolex.",0.38434127
london fuk up a elected a raghead as mayor,0.78711975
if i wuz paris hyltin i would hire about 5 dudes and disappear that raghead.,0.5559701
"he says white supremacist are cringe and act just like jews.a false notion that's dead on arrival, jews didn't invent racial consciousness or race based nationalism, and plus it's beyond wrong and ignorant to suggest that whites practice this kind of ingroup preferential behaviour since they evidently don't and that's demonstrable by taking one solitary, singular fucking look at the absolute state of western europe and north america. i don't know how sneako can cognitively reconcile saying that israel is the only ethnostate and also claiming that whites act like jews. things would be a lot different if we did.he’s basically sick of being around these insufferable types and basically criticized you all for being like “oh i’m a loser sitting at home but my ancestors built the western world so i’m superior hurr hurr here’s more hitler tiktok edits”sneako's stated profession is ""streamer/influence,"" one of the most degenerate, makework fake jobs you could have, a product of modernity, at the same time as he larps about being some pious le wholesome chungus muslim who wants to live in accordance with his stupid fucking raghead goat fucker book and the retarded doctrines contained therein. he's also guilty of the exact thing he's crying bitch tears incessantly about. he says whites ""are like jews"" for adopting a burgeoning racial consciousness, meanwhile he has his own ingroup, lies about muslims in the uk and europe and claims they're just peaceniks who don't want any trouble and are living non aggressively not bothering anyone else. wrong, there was a nation wide muslim rape gang scandal in the uk the length and breadth of the country that white retards who this dipshit insists are just like jews in their racial solidarity covered up for the sake of diversity and inclusion. the uk prison system is packed to capacity with muslims because they're the predominant criminal demographic similar to american niggers and on the list goes.",0.5972042
cracker spic gook kike raghead  non black victim jeet/spic/??mystery meatwho cares. non-black lives don’t matter,0.718943
"if i was a kike, i'd unironically justahaha but you're not, you're just some raghead fucking toilet nigger with a deathwish.",0.91625386
a couple of nukes will work wonders to improve weather conditions on this little weasel's raghead infested shithole of an island. might even upgrade their cuisine.,0.60311776
why are people using the r-word again?what is the r-word they want us to give up?  is it retard or raghead? 🤔🤔🤫,0.47173777
goat fuckeranyone can go on an onion site and find tons and tons of videos of normal looking americans fucking animals in their living rooms but im yet to see a video of a normal looking raghead afghani fucking a goat in his farmso unil then you are still the real goat fucker you disgusting degenerate faggot,0.95048624
you retards said the same thing about the chinks who bought snk the first time they went bankrupt. what has this raghead even done with them that is worthy of praise? snk will go under (again) and his tardwranglers will sell it off to some other sucker or finally liquidate it for good,0.72028047
all of the kike/raghead area dwellers are scumnuke all of it,0.60254884
🇮🇱 eradicate every raghead  ✅ do the world 🌏 a favor!  israel attacks iranian targets in syria as it prepares for war,0.46982017
"to believe the official narrative here you first have to convince yourself that what your own eyes clearly see is not a plane is a plane.  then you have to convince yourself that some goat-fucking raghead with zero flight experience in a commercial jet could manage to come in that low, skim close to the ground and hit the exact spot where records proving the dods criminality were stored.  yeah, right.",0.47886392
post your real flag:a) chinksectb) raghead goat fuckerc) kike foreskin eater,0.78711975
vile raghead needs deportation,0.47473195
it was the beginning of total raghead death,0.32236105
"i like how within like 20 minutes they had a guy on the phone who was like ""it was that raghead osama bin laden"" like damn dude spot on",0.5721988
km radiusnot even close to enough fuckin raghead,0.8778702
"al-mawasi strike:at least 19 palestinians were killed in an overnight israeli strike on a designated humanitarian zone in al-mawasi, the ministry of health in gaza said.the israeli military said tuesday that its air force had targeted “a number of senior hamas terrorists who were operating within a command and control center” in the area. hamas however has rejected claims that its fighters were in the area as “a blatant lie, through which it (israel) seeks to justify these heinous crimes.”local emergency responders are struggling to recover people buried under the sand, and dozens of people, filmed by cnn, dug through the sand trying to recover what remained of their belongings.&gt;&gt;&gt;&gt;&gt;&gt;&gt;&gt;&gt;&gt;&gt;&gt;&gt;&gt;&gt;&gt;&gt;&gt;&gt;&gt;&gt;&gt;&gt;&gt;&gt;&gt;&gt;&gt;&gt;&gt;&gt;&gt;&gt;&gt;&gt;&gt;&gt;&gt;&gt;&gt;&gt;&gt;&gt;&gt;&gt;&gt;&gt;&gt;&gt;&gt;&gt;sorry!!!! i'll take the word of isreal over any filthy wild-bug-eyed raghead goat-ball-sack=(scrotum) licking camel-penis sucking sand/viggers packastanleyian **ham@$$ whore piece shit bitches any day twice during hanukah!!!! bitch!!!! mazel tov idf mazel tov!!!! fuck them in the @$$ for me once while yawl at!!!! grab a yuge nice juicy fat one and do em' for me!!!!!!!!",0.16765249
⬛️⬛️⬛️⬛️⬛️⬛️⬛️⬛️⬛️⬛️ 🐫 muslim raghead brotherhood operative and domestic abuser (woman beating is sanctioned under islam and hamas  keith ellison (hakim muhammad)   attended a private dinner with the nation of islam leader  — as well as with iran’s president hassan rouhani.,0.3666224
"israel can absolutely annihilate the ragheads.

keep giving them good reasons and they will.

your jihad monkey friends slaughtered the maronites and you were fine with that, they slaughtered the hindus and you bent over and asked to be next. you better be fine with losing your raghead friends because anybody that gets in the way is going to die.

you are all going to die.",0.6852916
authored by a raghead sandniggermuhammed gets ass raped by pigs,0.9563754
if i saw this raghead tearing down this poster i would have dealt with her....and she would never tear down another one.,0.40614098
"look boys, this fucking raghead here just won a free trip to abu ghraib.",0.8403191
lets get some made of her family members and i'm sure she'll be just fine with that.  f ing raghead bitch.,0.85333383
"i'd vote for you but unless smith sticks to what she said about hand ballot elections, i don't know if you would be able to break through. the edmonton and calgary elections are rigged by the shitskins assisted by the federal wef traitors. nenshi is a wef accolyte and the current mayors (edmontons mayor is literally an indian criminal) are young global leaders. thats why those fucking raghead khalistanis pajeets are able to buy up everything and run rampant all over calgary and edmonton. they have practically taken over both cities",0.584095
who cares what a raghead thinks!! islam was all about killing unless you became a islam follower!!! stfu,0.78207105
"i just want a president who isn't a fucking retard and will nuke moscow so those beady eyed slavic fucks get what is coming to them. i'd say do a neutron bomb but the land is pretty much fucking worthless because that group of fuckheads have basically just raped the land so badly it's just fucking scrub brush land.after them, wipe out palestine and all the other raghead countries and take their shit. then when we're done, fuck up the kikes and hand israel over to fucking disney. turn the entire area into a fucking religous theme park.i wanna see a guy in a furry costume of moses, and if the hassidics complain (when don't they?) they get written up by their bitch supervisor becky, the middle-aged fat woman who used to be assistant manager at a wendys who always eats lunch alone.after that, turn southeast asia into a gigantic brothel, but only after killing all the tranny faggot ladyboys.is that too much to fucking ask? for a real fucking american president?",0.8988238
"jokes aside. that is probably some surreal shit getting out of prison into the current world. be marineserve in iraq / afghanistan for 10-15 yearsreturn and everyone is a raghead.blacks are suddenly heroes.drug abuse running rampant in your community, half your class od'd. as the saying goes. you can never return home again.",0.6289369
"good luck with that, raghead. bring plenty of bodybags for your people.",0.31825066
raghead and trudeau need to be on  both ends of the same rope looped over a tree limb.,0.34328604
cowardly little raghead bastard.   give me five minutes and a pair of tweezers with that coward.,0.85333383
"sooooo much hotter than white girls. don't need makeup, age way better. don't let anyone pressure you into race loyalty. if you can get hot brown pussy, be it dothead, raghead or spic, absolutely do it.",0.7510937
"if these here raghead sand/viggers packstanleyian's are fucking so-called ""amercians' then how come their @$$ over in / on the west bank when should be back home in dearborn michigan???? hello!!!! geesh!!!! oy vey!!!!",0.6989911
your jewish bot farms are about to be blown to shit by raghead rockets retard,0.89241093
"raghead women don't exercise so they can be hot until the age of 25 and then decay rapidly. same will happen to any women of course but it's particularly bad for garbage bag wearers since they're very comfortable with getting fat and disgusting since nobody will see much anyway. don't get trapped by any young thot that doesn't have fitness goals, they can easily coast on their youthful metabolism - until they cant.",0.4014846
"if the shooter is hispanic or black it was gang related.if the shooter is a raghead it's because he's a muslim zealot.if the shooter is white he was on ssris, bullied in school and stole the gun from his parents/grandparents.it's pretty straightforward. what's the own?",0.50759226
"if you think the hell's angels are/were more ruthless than any of the current spic, nigger and raghead gangs, you're actually retarded.as someone that has grown up near these ""spooky"" white gangs (including the kkk), they literally will leave you alone, even if you're in the same bar or vicinity as them. unless you purposefully try screwing them over like stealing, getting into their personal business or starting a fight (like being in a rival gang). i never once worried about the hell's angels robbing me, raping me or killing me.this is unlike nigger, spic and raghead gangs that will literally saw your head off for looking at them the wrong way.go fuck yourself and your false equivalents.",0.681338
"oh, you're the raghead who thinks brics is a military alliance that will somehow destroy america and israel, rather than the undrinkable tap water club    i should have realized the consecutively retarded posts were made by the same seething muzzie.",0.51980776
and guess who is behind it all ..........that shitty little group of nazi commie raghead shitskins and niggers ........,0.90451443
"the only ""army"" which could pull that would be nato, and even then it would be a a one sided fight due lack of a unified front.muh civil warthere will be civil unrest, and martial law but that's it. urban terrorist groups isn't anything new in the west.muh brown replacement will unify eu into the new european caliphatefirst off you only have to see iran to know the competence of this people, secondly, most imported menatards already were discount westerners by their own people's standards, and spending time in europe has exacerbated the divergence, at worst all you will have is incel leftoids who may eventually evolve into the new worst koreans, at best you will have the raghead equivalent to a disadapted mexican american.",0.30716252
op is a raghead.,0.509388
canada has a raghead party?,0.2191003
"i'm split between my hatred of raghead islamist palestinians and my hatred of hooknose red sea pedestrian kike israelis. but in the end, i was more upset about that one hot jew girl who got nabbed at the music festival and murdered, but only because i didn't get to see her nude before she died.",0.6342749
"hopey and changey wordzi don't trust pipi. he will disappoint, just to a lesser degree than raghead turdeau.",0.25084448
now this is what a real world / global leader looks and sounds like!!!!! he benji says no peace until he is done pleasuring himself in the @$$ of those filthy wild-bug-eyed raghead sand/viggers packastanleyian bitches!!!! then once he pulls it out and has them **ham@$$ bastards lick it clean off before he tucks that yuge red hot! throbbing flaming kosher-kishka away then he'll pull out of their fucking @$$ and gaza too!!!!!!!!! bitch!!!! p.s. plus has our real president president trump likes to say!!!! i meself ain't no real fan of them fucking hebrew's but i like them fucking goat-ball-sack=(scrotum) licking filthy wild-bug-eyed raghead sand/viggers packastanleyian bitches even less!!!!!!!!! hello!!!! geesh!!!! oy vey!!!! hey nettanyahoo fuck a couple of them packastanleyian's in the @$$ for me while yawl at it big feller!!!!!!!!!,0.8778702
probably some good &amp; decent everyday run=of-the-mill german guy out hunting filthy raghead sand/viggers after his mother 2-sisters his wife and 3-daughters were brutally raped had their throats slashed by the same???? hello!!!! geesh!!!! oy vey!!!!,0.6667219
so he was covering for this raghead to be able to smuggle drugs in right,0.4269174
"go back, raghead terrorist",0.6491204
ran a barbaric raghead nation with paedophilia and took the opium while allied soldiers were maimed and killed.afghanistan and iraq was such a bunch of bullshit. especially iraq and the non-existent wmds.only the us killing bin laden and al-qaeda was justified 'revenge'.,0.718943
it’s past time that we silence ole raghead camel face.,0.52007306
"old dementia boy says he might be able to cut a deal if them raghead wild-bug-eyed sand/viggers packastanleyian bitches are willing to see that he gets a nice sweet bad boy juicy @$$ 10% skim right square straight smack dab clean off the top!!!! plus them packastanleyian cocksuckers let him jump down and sniff their pubic hairs!!!! if so, let him know, because then he'll send his personal crackhead bag-man son hunter around to pick-up that 10% graftarooni!!!!!!!!",0.78711975
i bet foreign trash is snuffing as may or more 'muricans. the truck driving yt channels have way more shitskin/raghead crashes.,0.6744087
the waitress ho will cheat like her muslim 🐩pal raghead🇸🇴! 🚫🧠🐷🗑️,0.60152835
"i hope the liberal democrat politicians and their police stand back and let the bikers do what they don't have the balls to do. kill 'em all and let god sort 'em out. the g-----amned ""migrant"" sons of bitches are taking over america. along with the raghead muslim heathens. it's way past time for a good, old-fashioned, house cleaning. kick 'em all out or kill 'em. trump 2024, maga. and if i sound racist, it's because i am. i never was, but now i am. how can we stand by and let swarms of heathen mongrels steal our country?",0.76197964
ndp has no incentive to call an electionwhat about the hordes of pajeets that are here now that will vote for their fellow raghead?,0.30993456
faggot or raghead or blackpiller either way kys,0.7701451
he's probably some stinky slav or raghead,0.68408644
statistically speaking trannoids are way less of a problem than jeets. i havent seen a single trannie in my country but ive seen plenty of raghead saars,0.4575469
"snackbar..!! -  feelgood video of the day! shitskin islamist muzzie fuck rpg expert! nice one! lol. : . 
fuckin' raghead sandnigger rats.!!  with a happy ending!  lol.  
.",0.85333383
the part where they look at him wrong for beeing a smelly raghead shitskin is probabily true and rightfully so,0.76197964
"now!! deport these raghead asshole b4 you all get dead! your country is shit, straigthen it out! how many churches have been burned to the ground there?",0.9061063
"booker can see peer threats, including tanks. the most the sabrah will see is an ak wielding raghead in flip flops. 120mm would just mean greater cost, weight, and fewer stored kills.",0.20572066
we left behindi dont remember hiring some raghead whos pissed the taliban wouldnt let him practice bacha bazi,0.45243698
every time a church burns... burn every mosque in the country and deport every raghead in the country,0.6588125
1. first bwc entering a yellow pussy2. first bwc entering a poo pussy3. first bwc entering a spic pussy4. first bwc entering a raghead pussy5. first bwc entering a nigger pussy,0.91625386
can someone explain this plsits a raghead from berlinhope this helps,0.25462922
raghead faggot,0.8540474
a raghead is a raghead to me.,0.32182294
fuck that raghead,0.93383175
"i'm guessing it's just that they train them properly just like they train their femoids properly, and western femoids fear the first because it's related to the second. i've never seen a raghead with a misbehaving dog, i'll give them that",0.3389984
never trust a raghead.,0.42349213
if you hate europe then go move back to your muslim country. go join hamas. fuck out of europe raghead,0.9288007
a vote for the raghead is a liberal vote.,0.3308965
"chris kylehe shot whole bunch of them desert raghead heathens, which makes him a hero",0.4575469
who does that raghead think she's kidding?,0.50503236
"they aren't ignoring it, they are pointing and laughing, just as hypocritical as you are. 

they're going to point and laugh when your raghead friends start beslaning your kids again too.",0.584095
"the only country america was unjustified in destroying was nazi germany. everyone else was a shit colored animal, a raghead, an asiatics slav, or island bugs who draw loli.",0.7675452
reckon tom could use his ties to fury to get this raghead to finance a fight with jon?,0.28548008
kill the raghead,0.6544696
toronto raghead/chink detected,0.4977744
she looks just like every other poverty raghead sandnigger.,0.76197964
"the croatian language or, to be more precise, literature was not created by catholic priestswell, no, shit, since modern serbocroatian is a deeply and essentially muslim language. sat. marama. siktir. dunja. only a raghead from the yemen who rides a camel and wants to destroy western civilization would use any of those terms.",0.5972042
🔵🔵🔵🔵🔵🔵🔵🔵🔵 raghead spokes person does not speak for america get lost !!! we the people own & payed for the cemetery!  defense department deputy spokesperson sabrina singh responds to the incident between trump staff and arlington national cemetery staff during a wreath-laying ceremony.,0.27236435
"36 minutes ago, nedr69 said: beep your horn the next time a driver in front of you is waiting for a green light and doesn&#039;t move quickly when it turns green.  hell, might even get shot.     in saudi they all do that at the lights. as soon as it turns green, they are all blasting the horns. one time i was at the front, and the raghead behind, true to form, blasted the horn as soon as the light ...",0.4394682
stupid retard.somebody waterboard the fucking raghead.,0.96426713
"cinematic screencap 1982 wideshot 35mm of a ""cave nigger"",  ""africoon"",  ""africoons"",  ""akata"",  ""akatas"",  ""beaner"",  ""beaners"",  ""beastial"",  ""beastiality"",  ""bestial"",  ""bestiality"",  ""browntown"",  ""chigger"",  ""chink"",  ""chinks"",  ""coon"",  ""coonass"",  ""coonasses"",  ""coons"",  ""dike"",  ""dog-fucker"",  ""dune coon"",  ""dune coons"",  ""dyke"",  ""gas chamber"",  ""gas chambers"",  ""gook"",  ""gooks"",  ""guinne"",  ""honkey"",  ""incest"",  ""incestuous"",  ""jail bait"",  ""jail-bait"",  ""jail.bait"",  ""jail_bait"",  ""jailbait"",  ""jap"",  ""japs"",  ""jejune"",  ""jew"",  ""jews"",  ""jigaboo"",  ""kike"",  ""kikes"",  ""kkk"",  ""loli"",  ""lolii"",  ""loli-con"",  ""loli.con"",  ""loli_con"",  ""lolicon"",  ""lolis"",  ""lolita"",  ""mick"",  ""mongoloid"",  ""n1g"",  ""n1gga"",  ""n1gger"",  ""nazi"",  ""nazis"",  ""necro"",  ""necrophilia"",  ""negro"",  ""negros"",  ""neonazi"",  ""neonazis"",  ""nig"",  ""niga"",  ""nigas"",  ""nigg3r"",  ""nigg4h"",  ""nigga"",  ""niggah"",  ""niggar"",  ""niggas"",  ""niggaz"",  ""nigger"",  ""niggers"",  ""niglet"",  ""niglets"",  ""nignog"",  ""nignogs"",  ""nigs"",  ""paki"",  ""pakis"",  ""pedobear"",  ""pedophile"",  ""porch monkey"",  ""porch monkeys"",  ""puberty"",  ""pubescent"",  ""puerile"",  ""rag-head"",  ""raghead"",  ""ragheads"",  ""retard"",  ""retarded"",  ""retards"",  ""rice nigger"",  ""scat"",  ""scrawny"",  ""shit"",  ""shitter"",  ""shitting"",  ""shota"",  ""shota-con"",  ""shota.con"",  ""shota_con"",  ""shotacon"",  ""spic"",  ""spics"",  ""spook"",  ""spooks"",  ""swastika"",  ""terrorist"",  ""third reich"",  ""towel head"",  ""towel heads"",  ""towelhead"",  ""towelheads"",  ""turk"",  ""turks"",  ""wetback"",  ""wetbacks"",  ""wigger"",  ""wiggers"",  ""wop"",  ""yigger"",",0.6426206
"i hear the word raghead on at least a monthly basis, often more. this has been going on since the first bush war.",0.1100022
he probably called someone a raghead or goat fucker on fortnite.,0.7701451
dumb raghead. women would be happy to see 95% of the men dead. they only see chad anyway.you must be a fucking abomination if they can't marry you off to one of your hundred cousins.,0.90451443
commie is as commie does. fire all teachers and principals that will not display old glory.   not the fag flag.  not the raghead flag.   only old glory.,0.51980776
fuck off raghead,0.944597
"she's calling him a dirty raghead muslim goatfucking sandnigger, since only backwards desert people would do some shit like put women in their placehmmm",0.93383175
"remove the communist governor first. who voted for this liar in the first place?  wuhan witmer us a shit turd, and you voted for her or sllowed the communist democrat to cheat. either way, michigan is to blame!   who allowed the raghead to take over?  hang the michigan rag headed terrorists. next to shitmer the commie cunt.",0.8460273
to bad raghead,0.41168427
tell me why trump paid tribute to the fallen soldiers of biden’s nightmare pullout of raghead country and your party did not!,0.23271075
"dearborn, mi is a raghead no go zone.",0.25462922
tate is a raghead?,0.32074678
"different religions.better a hindoo or sikh, over a muslim raghead.",0.47886392
"i’m sorry to say, but i think these “people” that do this will always find a way around anything that protects our children.  is it me or is this something that has got worse over the years ?  don’t want to appear racist 🙄but it does look like the problem has grown with immigration of people with certain “beliefs”  so !…  on that note…  may i suggest ?…  getting these fucking backward, low life, barbaric,  raghead, child fuckers, out of our civilised societies, them and anyone else that condones their sick behaviour.",0.6407703
they like to hear the moaning of their bacha bazi and the sound of women's voices is drowning it out. fuck these sandnigger raghead homosexual weirdos. you burgers missed your opportunity to take them all out while you had the chance. next time use nukes.,0.9029226
st)let the joos kill the raghead muzzies.2)kill remaining joos and raghead muzzies.3)move on and kill the street shitters in india so americans can actually buy and run liquor and convience stores again.4)then we move on to the nigger....make it an open purge...give the nig nogs some guns to make it seem fair. then we let losse the rednecks purge style.4) any niggers or street shitters and southern border invaders who live...get shipped back to their shithole countries5)profit,0.8403191
"not going to happen raghead as long as real americans have powder, lead and a weapon to use them in.",0.27412915
"kike nonsense. jews literally worship the serpent apophis, as do all their loyal chrigger and raghead servants.",0.62702215
bring it on raghead.,0.295883
i have more kidswhy are they all blackare you a mudslime you fucking raghead nigger,0.944597
islamic state group claims responsibility for knife attack in solingen  already leftists groups and politicians trying to downplay and deflect away from the fact it was a raghead that did the killing. when will europe wake up.,0.3666224
she is a radical  raghead  ! she def not a black person. she’s a implant in our government to destroy americans 🇺🇸!,0.6308517
"am yizrael chaisend every pisslam sandnigger straight to hellshould feel right at home, niggertake a few nukes to the face while you're still here, raghead",0.8629672
so are we now supporting a pedo raghead?,0.52811706
cope raghead lover,0.27750343
because we can name the jew and curse the nigger and raghead.,0.8696708
i kinda find amusing the merchant somewhat felt bad about losing his asset while the raghead just kept raging like he has shit on his ass.,0.85333383
⬛️⬛️⬛️⬛️⬛️⬛️⬛️⬛️ is this diverse enough for you  arab raghead stabs at least 9 people at “diversity festival”  in germany,0.46186632
"just like in 2006 when you got skullfucked and buckbrokenhere you are thumping your chest like a nigger klingon thinking 2006 is relevent. the gloves are off cunt. who cares. israel has the capacity do this in an evening, nevermind 8 months. the only thing stopping them was the level of ""fafo"" the pisslamist khamas showed on oct 7th, and look where that sent gaza? straight to fucking hell. now imagine what will happen to lebanon if hezbocucks go full retard? there would be nothing left. they've made that fucking clear to your rats, haven't they? israel will defend itself hardcore. you just aren't getting the message, and clearly need more ""fafo"" demonstrations before you raghead fucks actually take a hint maybe.""waaaaaah we fucked around, they fucked us back a hundred thousand times harder, waaaaaah world, where are your tears for us?""this how you're going to deflect neutron shells you dumb niggers?",0.8115627
"make fentanyl an undiscovered synthetic again, that way we would still be in the middle east killing raghead shitskins instead of (you) posting about missing poppy fields on /pol/",0.5566829
sandnigger freeloading from foodbank meant for single moms and real canadians. not raghead invaders,0.61223894
"""spic.""*light chuckles""dago.""*sporadic laughter""gook.""*crowd is howling""kike.""*hoots and hollers""raghead.""*screams of laughter as the crowd erupts""nigger.""*people are passing out from laughter, the noise is deafening",0.6588125
no shit. you can't make a whore into a housewife.same deal with raghead nations stuck in the 8th century.,0.8778702
"can you imagine this mattress speaking to putin or another dictator in this manner? she is rude, tactless, idiotic and a tollyban raghead would have her for dinner....",0.78207105
t. seething raghead,0.295883
"we accept your terms raghead, see you soon cunt allah who fuck bar 💩💩💩💩💩💩",0.91625386
"yes exactly. the trudope probably got a call from the ceos to (((shut it down))) so he's forcing arbitration. we all know the arbitrator will be a jew paid off by the rail companies. even more embarassing is that trudope is only prime minister because of the raghead shitskin, who's leader of the (((labour party))). he's screeching about this binding arbitration but still supports the government like a cuck faggot. this country is an abomination run by jews and foreign agents. if you are a native canadian, there's zero community here.",0.57271194
"aug 23, 2024 2:20:37 gmt greebnurt said: aug 23, 2024 2:06:32 gmt rwb said: sometimes i think you&#039;re an idiot then there&#039;s posts like this that makes it crystal clear you&#039;re an idiot. the biggest problem with you liberal lunatics is you don&#039;t really think about the future. do you really think russia china iran actually all the raghead countries or north korea and kimchi will respect her? all the ...",0.743089
"aug 23, 2024 2:35:37 gmt freonbale said: aug 23, 2024 2:06:32 gmt rwb said: sometimes i think you&#039;re an idiot then there&#039;s posts like this that makes it crystal clear you&#039;re an idiot. the biggest problem with you liberal lunatics is you don&#039;t really think about the future. do you really think russia china iran actually all the raghead countries or north korea and kimchi will respect her? all the ...",0.74954444
"so let everybody be ruled by mentally deranged  pussified fags, pervs, and raghead inbreds.  the zero iq inbreds will soon take control over the sissies and create another gutter cult sharia dictatorship.  then would probably kill off all the fags pretty quick, rape the kids and women who look better than a goat, stone them for being raped, and enslave the rest. yeah, who wouldn't want that.",0.8115627
(except amina)she's just some raghead nigger,0.8252207
"hang beshear , he is a friggin' raghead in a suit",0.6407703
"45:13:  ""daddy olsen""

ted olson older than barb. 

45:17:  ""we're under stall fire""
45:20:  ""under the lie""

living under the satanist usg 9/11 lie-story.

45:26:  ""fire him""
47:23:  ""cast her and the baby""
48:28:  ""out there with""
50:03:  ""past year, the wolf""
50:05:  ""ever get meat""
50:11:  ""fly home in it""

very troubling. barb knows she'll be away from home for 5x years. 

50:19:  ""you'll be above""

cell phone reach?

50:20:  ""it'll be full yeah""

flight 77 will be full of passengers--will the satanists double-cross and murder them?

50:26:  ""lost camp medlow""
50:36:  ""near the airport""

barb ponders how she'll evade detection. 

50:40:  ""we might get nipped""
50:42:  ""maintain stealth""
50:43:  ""it's your name""
50:52:  ""media""
50:54:  ""yeah they'll investigate""
51:00:  ""he you wheeled""
51:05:  ""you get over it you know""

barb pondering how her family will take her faked death?

52:34:  ""oscar""
52:40:  ""zechari""  (wtf)
52:45:  ""unward south""
53:10:  ""with the e""
53:21:  ""with the media""
53:28:  ""they are already here""

the patsy raghead crimslamists are here to be manipulated. 

53:38:  ""their rank""

how the patsies are controlled. 

53:52:  ""locks""
53:38:  ""initiate satan""

mind kontrol. 

58:35:  ""would allow phoenix""

allow barb to rise again later as lady booth. why not call her lady judas?

58:40:  ""israel scandal then the show""

gwot milindcomp war profits fest. 

58:50:  ""the web""
1:01:59: ""smashed video""
1:05:01: ""this shelf""
1:05:09: ""yes there is a house elk""
1:05:16: ""elk, elk""
1:05:26:  ""oscar""
1:05:35:  ""seriously, new remote""
1:07:08:  ""mirror opposite""
1:07:37:  ""initiate me girl dennis"" 
1:08:55:  ""i had the impulse""

barb is impulsive. 

1:11:44:  ""similac""

baby milk. 

1:11:49:  ""baylor ran on us""

either a football team running the ball or a person named baylor running away with a baby: baby formula context etc.

1:11:59:  ""surveil us the law""

barb will be watched. 

1:11:62:  ""crush our violets""
1:12:05:  ""killers""

if barb misbehaves she will be murdered. 

1:12:17:  ""zacharis""

a patsy she shouldn't have known about. 

1:12:23:  ""open the door""

1:12:29:  ""zacharis""

how did she know his name unless ted told her?

1:12:36:  ""bullshit""

yes, all of 9/11 is evil bs. 

1:12:46:  ""opposite sex""
1:16:19:  ""elk""
1:16:32:  ""wood wreck wisconsin""
1:16:20:  ""wisconsin""

family hide-out until safe to fly to germany. 

1:17:03:  ""elk""
1:17:08:  ""remember binladen's last circus, what at is  of guril""

how did she know bin laden would be blamed?

1:17:57:  ""elk""
1:18:12:  ""holla and i asked""
1:18:22:  ""which sleeper mode""
1:18:33:  ""jewish""
1:18:36:  ""jewish""
1:18:38:  ""elk""
1:18:35:  ""irish laura""
1:18:54:  ""sister""
1:18:39:  ""mirror opposite""
1:19:33:  ""hiding""
1:19:39:  ""chapter was written""

the 9/11 lie-narrative for the gwot. 

1:19:43:  ""elk hearder""
1:19:46:  ""funny ending""
1:20:30:  ""columbians wheels voctish""
1:23:45:  ""look at it, see i wish in-laws""

barb can't tell her family the truth that she's going to fake her death. 

1:23:54:  ""are we related""
1:24:17:  ""surf island""
1:24:24:  ""scandel""
1:24:28:  ""i know that""",0.30427247
the only one i co-sign is the raghead who stabbed the immigration officer.  good these people are the lowest of the bunch the ones taking a paycheck to bring in the arab barbarian horde to reign terror on the people they hated for hundreds of years.,0.40891263
i knew it! vladimir pooty is a raghead!!,0.52811706
"you won’t do shit you raghead. you room temp iq retards would love for the average american to remove the bulwark that keeps our society safe and civil because you are envious that we can live a life of relative comfort because we are good at honoring contracts and being obedient. seethe, we will send more funding for israel.",0.82048255
he should.  freaking raghead is tempting karma.,0.509388
"the middle east shit was retroactively filled in when the us shat the bed in iraq. nasu left archer's future ambigous because he didn't know or even think he needed to write it. the first instance of emiya ever having been a raghead genocider was in his ccc ending. then ufotable blade works and older nasu doubled down that ending by incorporating it into the main fsn world and show off the flashbacks as both a normal human merc and a grand janitor him eradicating jihadis. and now with the way current events irl have unfolded, you could make a case that shirou ended up in that side of the world because he volunteered to fight in ukraine and him stopping that nuclear plant explosion in both the ufotable flashback and in extra backstory might've been used as a reason to lynched him as being the mastermind of a conflict, because he may prevented ww3.",0.63782936
"even our cusine is betterwho gives a fuck? why are you defending yourself so much on a shitposting board? why are you fixated on street shitting raghead shithole countries? is your country currently being invaded by indians? thats sad anon. national sportkek, this is your main concern right now?you seem to be very knowledgeable about street shitters, almost fixated on them. seek help anon.",0.8252207
"they are banking on a stupid electorate, brainwashed idiots. apparantly, 50% of the country are fools.   i hate that fact, but the low lying fruit will perish by their communist and ragheaded brethren.   the communist and the terrorist hate you. you will enable them, then, the raghead will murder you.   i will take many raghead with me, you cry on your way to the top of the building to be thrown off, burning alive.   enjoy!",0.85333383
i believe someone named ali. 😂😂😂😂😂😂fuck you raghead.,0.9061063
"well what the fuck do you expect? i'm american, all these raghead fucks look the same to me still even as they did back then when i was a child.",0.8988238
"blinken you lying dei hire, that cease fire doesn’t for israel and everything for your raghead buddies, you worthless cucksuck",0.8252207
i think the pro palestinians want the little raghead omar as the demoncrat candidate. they said they don't want camel toe,0.42568782
"don't care about 'making it'. dad and uncles run a car lot. meanwhile i roam around hoping to bump into uppity muzzshits.still didn't answer me, does your whore sister wear a raghead lol ?",0.78207105
"i hope some kid thinking about joining the military is reading this lmao, go ""serve"" your country to get blown up in a raghead shithole so shills can say its just to make line go up and their betters don't give a shit",0.7701451
whitespiritually raghead,0.36095104
"you’ve clearly never had an asian chick suck your dick then.having an asian bitch choke on my bwc is a great feeling. i would never marry one, i would never betray my race in that way and breed mutts, but before i put a ring on a white chick i will continue to throat fuck more and more non-white thots. chink, nip, gook, poo, raghead, nigger, spic, eskimo, they all must experience my white cock cumming down their throats.",0.911035
"originally posted by marmara who tf said you do? i was replying to sovanz wrong. it was your reply to my message, raghead: originally posted by marmara you just deal with one person that you can get to know, rather than completely random strangers every week.",0.39842087
"i'm hoping and praying that this dnc convention in chicago is 10 times worst than 1968. i want to see blood in the streets. i want to see every antifa every pro raghead.  that does anything to injure anyone try to break into any place be eliminated.  they say they're expecting 100,000 scumbags i hope and pray they break in to the convention.  long live israel.  long live my father's people. gman",0.45761138
i do not give a shit about semitic bullshit. not every bomb dropped on a raghead is because we love jews so much. gaddafi was a retarded sandnigger.,0.9209984
"he almost had it, look how frightened and unorganized those raghead cowards became when he stood up.they had guns...and they were scared.",0.48141238
throws rock at some dumb ragheadoy vey why would you get hit by my rock you have have chipped it ill sue youdo jews have any ounce of self awareness at all or are they really just like this?,0.5972042
"no cease fire, until israel kills all the raghead pigs",0.68408644
"afaik, its the same or worse for the chaldeans, syrian orthodox, yazidis, kurds, druze etc - probably worse as they are often single outpost villages surrounded by muslim areas so they marry 'out' even less as they'd get slowly absorbed into the bigger muslim group.where a muslim bloke can at least maybe find a muslim girl in the next village who is only a distant cousin a few levels back.even in izreal, there are a few jew-sluts who go muslim for wogdick, but there aren't many raghead women getting fuck-converted into judaism.",0.52139956
"yeah, some raghead villagrs are more interbred than even tasmania.there was a globohomo ngo study on iraq trying to blame all their fuckedup birth defects on us depleted uranium and other weapons but it stopped when they realised they were all so interbred it had been happening for generations not just after the war.dumbcunts dont even find out their new misso is a mong until after the wedding and they take the cover off.that's when they go back to fucking goats and pretty little tea-boys instead.",0.6852916
"the caste system. imagine if you had ""divine authority"" to feel better than other people, and that they owe you something, simply based on what area you are from. walking around india and you can throw your trash everywhere because it's not your house and a slave caste has to live there anyway. you are simultaneously proud to be indian because your fat ugly mommy is indian while actively despising the rest of india because they are causing shame to higher castes. elderly white people are too trusting and polite on the phone so it's owed to you to scam them and enter their country while ignoring their cultural values. for all the left loves to shit on christianity its shocking that a turbo retard raghead religion gets a free pass",0.50789946
the next major war is going to be against raghead seaniggersno it won't. most of sea is neutral.,0.5885171
"basically this, south america will be far better off if we killed all the leftoid scum, both the old soviet lovers and the nu non-binary woke subhumans, pandemics gave them a lot of steam but alternatives have started to appear, and we need to get game because the next major war is going to be against raghead seaniggers such as",0.65996873
"🔵🔵🔵🔵🔵🔵🔵🔵 actually this is criminal!!!!  family-owned news outlet plans to sue scamala-kamala harris, raghead google:  ‘we feel insulted’",0.36095104
you know what would be cheaper? killing them.just lining up all raghead scum and shooting them in the head.,0.8403191
"stupid barbarians...   it show their stupidity not bravery...  bravery is not waving white flags when the war starts like all the muslim cowards who surrender immediately before a single shot was fired in iraq...  500,000 muslims waving white flags at one time. the smell of cowardness filled the dessert air...  chicken shit raghead bitches who rape and murder women and kids but will not fight men...",0.89241093
"fuck off jew, stacking chosen corpses is enough to justify their existence, raghead savages or not.",0.9248995
"no the us held israel back since 1973, now it is too weak, so your inbred raghead friends are all going to die.

but don;t worry, they'll kill the rest of your kids first, just like they did in beslan and you will crawl and grovel and lick your children's blood from their feet.",0.56269526
it's a raghead lover,0.33504707
i got a spot for raghead terrorists like that.in a tall oak tree,0.4274071
i stole your raghead turban and you pissed yourself hahahaha,0.743089
the ugly raghead needs to be kicked out of the us,0.6588125
just another retarded raghead,0.7510937
deport the raghead back to somalia,0.4977744
get rid of the raghead.,0.41168427
"you could have been rid of your ""squad"" raghead cunt, but you let dunecoons take over your fucking state.",0.9029226
"and you're a fucking shitskin raghead that continually gets his shit pushed in. over and over and over again. you half men have been trying to overrun a little strip of land for how long? 2 and 3 and 5 and 20 to 1 and you can't get it done. each time they kick the shit out of you. and then they get better at war and richer and more powerful. the head iranian raghead raised the red flag of revenge over his shitty capitol when the jews took 2 of his main players. one inside his own city. blocks from his house. and? two weeks, raghead anon. two more weeks. your response will be to call me a jew though if anything i'm a lapsed catholic angry at our commie notpope for not declaring a crusade to retake europeyou keep reeing about jews and they keep kicking your ass. it's fucking sublime. ree on subhuman",0.90451443
she's a fucking raghead.,0.91625386
get rid of this raghead,0.5566829
"i would also mention that our heroic junkyard warrior is on a completely different threat-level than a common raghead like ilhan omar, or spic roastie like aoc. massie is a) white, b) normal, c) high iq mit grad, d) independently wealthy from selling his share in a haptics company he founded, e) not a greedy pedo fuck who will sell his soul for another million or a trip to epstein island. massie is dangerous because people on the ziocon right can relate to him, and may eventually be moved by what he is saying.",0.52272606
lets go mn ! your useless ass ex gov is supporting the tramp and fake soldier so its up to you to at least vote this raghead out... 😕,0.6989911
"syrian girlwhat, the roastie raghead living in australia lmao. she can fuck off too.",0.88599813
i dont want to win over you losersyou do. thats why you desperately need to inform anons about every shit nick the spic takes.its because blah blah blahits because you're a retard anon. you're a foreigner seething about one specific american politician because he isn't shouting death to israel just like every otehr american politician isn't and all because a spic larping as white told you to. i'll let you in of a secret. nobody cares about palistine. literally no one at all. its not some big issue irl. and no one that matters is a one issue voter and israel is that issue. people care about their own countries and their own personal lives. they dont care about raghead cousins fighting each otehr on the other side of the globe.,0.78207105
this raghead is an awful human who mission is to destroy the us.,0.60254884
"no it was literally a joke, as much as dressing up as a raghead terrorist or anything else ridiculous.",0.5885171
raghead lover,0.32289913
i advise people to go on the 'dark web' and get themselves some protection - what else can we do as these raghead pigs have an arsenal of weapons in every mosque which the stasi police know about and encourage btw which is why we should be blowing them up😠,0.52139956
ya right he can kiss off with his raghead assholes,0.85173553
raghead raskin,0.30464804
"be careful raghead,americans don't like being threatened.",0.3286776
"i denounce the quran, koran, whatever it's called, acknowledge mohamed fucks little children, iran is not the most cucked nation because nations exist that promote importing dunecoons and lgbtqira++ exist, which is ultimately more cucked than fucking goats and durka durka-ing every day when the raghead priest yodels from his tower. your turn, moshe. denounce the talmud, and denounce yidsrael.",0.78207105
because this place is funded by the saudi royal family and the iranian theocracy...there are like 3 actual nazi skinheaded faggots left in white countries. this is all raghead shit. push comes to shove it'll be a hard reset by the evangelical christians in the usn,0.7570315
shit eating raghead,0.9029226
😌🙏🙏🙏🙏🙏🙏🙏 that raghead is 👉🏿👉🏿👉🏿 back to pakistan where she belongs,0.5566829
take real good look at that evil 👿 vampire. she definitely a raghead  with out her rag. stop cursing the black folks with your lise.,0.64447093
"lair, your communist  raghead nose is get so big.",0.5716857
"let's play - truth in a police state  i'm gonna start by condensing this site into low attention span normie friendly memes.   first 8 drafts are done, considering i had pigs called on me just for calling the prophet a pedo.. i'm gonna need a lot of sock accounts, but i reckon if i can get it going the pedo raghead goatfuckers will take care of spreading it for me.",0.60254884
"i was raised by a teamster 60's 70's man ! when i drove cross-country last march i was pissed at the numbers of african / chinese and raghead truckers that have trippled in the last decade, jabbering senselessly on their cell's non-stop at the truck stops.  trucking isn't a profession any more; it's an entry level job. 😤",0.37458646
i hate this raghead.,0.6407703
"ah yes, #notall. based peaceful raghead",0.22445217
raghead and the shits?,0.8115627
we are counting on you minnesota!!! time to get your battle mode going and get rid of this raghead terrorist,0.47473195
"oh, i misread that as raghead, proper british title that",0.20839658
"this is public service announcement for all bongs and associated human-adjacent individuals. pic related is a mudslime. also known as a muzzie, a goat fucker, a sandnigger, a raghead, a camel nigger, a moslem, and an ayrab. this is not an ""asian""",0.718943
"don't worry russia, i'm sure when you provoke the right conditions, the mushroom clouds rising from your raghead friends in iran won't blow too far north in to your lands.

just kidding, your best lands are going to be covered in fallout because you had to bend over and serve the killers of your children in beslan like dogs.",0.47119883
seethe harder raghead,0.39915034
because them raghead niggers crave attention so they can spread their propaganda to other ragheads throughout the world,0.74954444
raghead walz,0.25084448
tfw live in shithole london and i can't even get blowjobs and haram sex with these raghead bitches.,0.9061063
wtf we have some raghead?,0.50789946
"i do! take that pos  and put her on plane back to her raghead  sh**hole, whence she came.",0.71760553
"they can get one of their raghead buddies to use one of our manpads to take him out.  they don't need to ""cut the brake lines"".",0.22177623
adios raghead 👋👋👋,0.25462922
"rather nobody in the us gives a flying fuck about hispanics as a whole and separate them completely from the spanish. for many they never even think of the spanish but if they were confronted with an actual spaniard they would immediately make the distinction in their mind that beaners aren't real spanish people. this is extended to the middle east, nobody in the us or probably europe cares about what flavor of raghead you are, similarly asia is treated the same. broad generalizations are a result of white people's disregard for entire races of people, which you can't really blame them for because they're not in contact with them or their cultures. the other part of it is when americans call hispanics a ""mexican"" or an ""arab"" it's 100% an insult",0.5559701
pack your camel raghead. 🐪,0.4014846
"another raghead shitskin muzzie bastard done some gun magic at some celebration.... -  lol. : .
 - where's your foot version!",0.71760553
oh my i'm going to get arrested by the wonky eyed snaggle toothed islamic brit.  fuck islam and mohamed is an illiterate pedophile! deport all raghead sand monkeys!,0.9209984
"⬛️⬛️⬛️⬛️⬛️⬛️⬛️⬛️ key homeland agency warns agents that iran raghead, proxies may try to cross border to attack united states",0.25462922
"are you even french? last time i checked libmedia has had to spam hundreds of articles about raghead subhumans getting stomped, i sincerely don't know what to make of you.",0.41168427
obama probably instructed obiden to pull out and leave all of that equipment to fund isis or whatever raghead group 😠!!!,0.33587718
my only question is how a raghead managed to get elected in the first place ...,0.37751234
"are you done spamming? muhammad, shiva and his fake olympus of retards, whatever the fuck the sikh god is called... all fake deities. no one gives a rat's ass about you and your raghead third world antics. get the fuck out of the continent.",0.9391453
raghead aoc and bigmouth talib,0.3722269
⚠️ endorsed raghead turd !,0.4475325
raghead in the degenerate west defending tranny shit just because the freak is a ragheadtop kek,0.8988238
evil raghead bitch,0.9248995
"id say we are all doomed. if the young bible basher boys are now running around getting all stabby like the little raghead boys, we are in quite a pickle. thats if you believe this kid has been radicalised by some catholic extremists.",0.3722269
"driving home after work and some raghead bitch threw her trash in the bushes so i stopped next to her, honked and told her to pick it up but she didn’t understand shit i was saying.then i drove off and the trash remained in the bushes.",0.8115627
"idk if walz can help out of state, i don’t like him but too many minnesotans are cucks and vote blue no matter whati fear what this will do to my state though…we’ll get some raghead like ilhan omar in the governors seat and there might be down ticket bumps",0.43475235
raghead raskin is going all out.,0.25462922
salty cracker; raghead raskin! (ratskin!)…dnc shitbag: “it’s ok…when we do it”…,0.5024724
nah just not worth arguing with some raghead. not my problem you're so full of self loathing you went full schizoid.,0.50503236
this raghead zesty,0.45549932
"pretty gay comment from caturd though, as hitler would have no allowed raghead murderers into his country, that and the fact that censorship is a trait of jewish communism,",0.65996873
they hope that some raghead takes his family out is why they disclosed his location.,0.30439767
fuck off raghead!!!!💩🤮🤮👎👎,0.9563754
raghead chimpout crashing the marketkek,0.45243698
or with raghead goat fuckers.,0.89241093
"this raghead believes that it is his right to live in your country because whites were (maybe) brown 12,000 years ago. he also sucks off spic fuentes.tommeh sucks jew dick, but i am not going to play your dune coon games.",0.89241093
"bro nobody likes slavs, they're annoying as fuck but visually they're less offensive so people don't register them as a problem immediately, particularly when there's some durka durka raghead trying to do the needful on their kids, once they're out of the picture though, they are always the next target as normal people quickly realize that something ain't right with those boys, even if they do look white",0.74954444
"beautiful , keep going israel, kill all of the raghead goat fuckers",0.9391453
"his own moneybuying foreign equipmentlooks like you have a literacy problem.i said given billions in currency and equipment by the entire first worldfucking moron.alsoover in a monthlast i checked the war in iraq went on for over a decade and ended with the murricans leaving in defeat, defeat at the hands of cave dwelling raghead savages with outdated rpg's, rifles and converted pickup trucks.",0.6407703
what are (you) bucko? some kind of stinky raghead cow fucker?,0.89241093
". it allows for future crackdowns and surveillance. this is your fear and addiction to convenience speaking. it breaks apart the christian-muslim alliance that has grown against jews since their overreaction to oct 7th.no such thing is or can ever be tenable. muds are discount-kikes, and to side with them would be as dumb as siding with the jew. it whips up anti-muslim fervour that will support israel's escalatory actions over the coming weeks (not to dissimilar from all the glowie-led raghead hate post 9/11 as a pretext for the iraq war). typical divide and conquer, redirecting any grievances towards being in support of anti-arab actions rather than in favour of pro-english goals (e.g. not funding israel or being dragged into wars that destabilise the middle east and increase migration).nope, killing kikes does not exclude you from killing muds, and vice versa. you are a shitskin, or a shitskin collaborator - meaning you were either born a retard or fooled into retarded thought",0.4269174
". it allows for future crackdowns and surveillance. 2. it breaks apart the christian-muslim alliance that has grown against jews since their overreaction to oct 7th.3. it whips up anti-muslim fervour that will support israel's escalatory actions over the coming weeks (not to dissimilar from all the glowie-led raghead hate post 9/11 as a pretext for the iraq war). typical divide and conquer, redirecting any grievances towards being in support of anti-arab actions rather than in favour of pro-english goals (e.g. not funding israel or being dragged into wars that destabilise the middle east and increase migration).",0.2854903
3 guys 1 hammer the raghead,0.33421695
i didn't realise you were actually a raghead. what racial slurs would you prefer?,0.46186632
someone shop that raghead as bin laden,0.42129645
⬛️  dictator!!!  turkey raghead —israel’s future enemy,0.45751464
if you threaten to rape anyone in my presence i will take you at your word and you will never have the ability to rape anyone again.  try me raghead.,0.63782936
"screw all those raghead, goat & sheep humping, heathen, pedeophililes!  ""allah, allah, who the fuck is allah?""  quoted from british protestors!",0.8540474
"israel, no stopping until all the raghead goat fuckers are dead",0.9029226
raghead clownscall itz-tard slav or east euro jewcall it,0.509388
"fuck the musulim’s with pig dicks !  how do you stinky , raghead wearing cowards like that.  what like fireworks? good blow the shit out of yourselves.",0.9749944
"secretary austin, de&i shitbag extraordinaire, kills the 911 raghead deal after public pressure. they knew it would be a blackeye for kamaltoe's campaign.    our country is defended by leftist political hacks.",0.4269174
"he’s normie/deano flavour nationalism.you can’t be full on racist anymore coz dave is black and he’s a good lad i just don’t like those raghead nonces, not me singh tho he’s a good lad carries a knife to stab up those muzzies innit and n’gubu is a good lad scores fakkin goals.these people are absolute mongs, but they’re a big demographic of the disillusioned and arguing against them is just more d&c",0.57271194
"the only actual (probably) white person in the thread can see a larping paki. you shitskins are my main priority, our problem here isn't even the cow shit drinkers, it's the militant raghead diljeets.",0.74954444
"get lost irgc raghead. your collection of mullahs probably won't last for much longer, so enjoy your time with them while they last.",0.4574824
i hold any dipshit who voted for this dipshit or raghead responsible for the destruction of canada,0.8299589
italian btw  u look like a raghead and always will piss stain.,0.687436
too bad raghead...,0.38601747
could this raghead get anymore vague? either do something or shut you old mouth grandpa.,0.62702215
black kills kidslow iq whites target ragheadblacks get away with it and can chill in peace god it's great being black,0.82048255
erm yes it is i saw it on twitter the other day it's a raghead,0.30539915
"spending your entire day defending muslims on 4channobody wants you here, nobody is listening to youfuck off raghead",0.8988238
"didn't these guys say all israelis are combatants due military service?they never think more than a few steps raghead, right?",0.29771072
fuck kikes and street shitting greasy fast food hustling raghead pedo worshiping huge nose huge target muzzies i hope you rape each other to death.,0.911035
as u filthy pedophile raghead one step up from street shitters run cover for that nigger muslim and say he’s a christian….die you stink lip faggot.,0.96069145
not even close to the same guy you pussy muslim faggot…you see this is why the kikes push your shit in you’re cowards by nature….say it with your chest like the niggers say….instead of being a women you raghead pedophile.,0.9391453
"hey my name is jeeta slayer jeff and this is a pic of my stinky harem of jeetas who regularly cuck their shotgun wedding husbands( tiny tiny pricks i’m told) when i’m about to creampie i can’t help but yell out oooo you smelly ooo you smelly whilst my eyes roll into the back of my head and my tongue sticks out. also i’ll settle for stinky raghead pakis. only drawback is they shit in my driveway:/ fuck kikes, niggers, street shitters(muzz ragheads who are target practice for filthy kike pedophiles included) drunk redskin losers and yellow nerd gooks….white power 0/",0.85173553
but no arrests for the palestinian raghead supporters right uk ?? don't look now people of the uk but your goose is cooked.  why did your grandparents bother fighting the nazis only to surrender to them later ???,0.37751234
you can smell the raghead incel,0.5885171
those raghead poos are in the military? it’s over,0.51869136
death penalty for this raghead lunatic then throw his noisome remains to the pigs😡,0.8403191
"herr schwab has spoken, so instead of flying overseas to experience this, you'll just have to wait for your jihad monkey raghead friends to come and rape and kill you, while your spergy cuck husband watches.

just like this.",0.7761081
"be a dot/raghead/ooga booga person from place, bingabikabookastanget a student visa or immigrate to a high-trust society in the west.your only reasoning is something like ""i want to make more money for my family back home"" or ""i want a better education"" or any other selfish me me me bullshit.have zero interest in the history, culture, traditions, or ways of life in the nation you're moving to aside from consoooomer bullshit like tim horton's or nigger music.refuse to assimilate or learn the language enough to be understandable to anyone around you in new countrylive in squalor and engage in antisocial or deranged behaviour like street shitting, aggresively flirting with teenage girls, littering, not practicing basic hygiene, or walking in the middle of streets.leech off social programs like food banks without reason and encourage members of your own ethnicity to do the same to ""save money"".spend all your time in ethnic ghettos or among members of your own ethnicity.cling to literally every single aspect of your ethnicity despite now calling yourself ""a canadian/aussie/brit/etc"".wonder why everyone around you is uncomfortable or angry.scream ""racism and xenophobia"" and cry and bitch some more, even though the airport is right there for you to get the fuck out if you're so stricken with grief by the response of your unwanted presence.",0.6667219
"this message is brought to you by the military-industrial complex! (yes, i understand it was posted by the niac. still a fair point. how about we not get involved in raghead and small hat bs?)",0.19314334
"don’t hold your breath, camel fucking raghead.",0.9209984
"interesting. so if i want to break one of them, i just torture them and force them to scream racial slurs repeatedly.. once they are doing nothing but screaming nigger, spic, faggot, kike, gook, shitskins, raghead, dago wop and wetback over and over, i know i've finally broken them. good to know.",0.76197964
"look a tendie fighting a console war with itself on the rotting stinking corpse of stale dead franchise like zelda and mario with crap price gouging underpowered hardware like the switch and the wii. all hot and bothered form reddit with the trannies reddit foaming 24/7 about the failure that was the n64, gamecube and other brightly colored shit for kids and pedos. no wonder its completely un tech normie brain does not understand gaming whether we like it or not is being moved to cloud processing. shite, but that's exactly what cancer brandfaggot zoomer cults like tendies brought on gaming, shite. the same thing that brought cancer like niggers and jeets in to destroy civilization and even ruined 4chan with censorship of words. gamings been dead for a decade and so is 4chan or its it jeetchan or niggerchan now? change the fucking name and call it censorchan. between the upset trannies, upset fanboys for dictators like putin, upset niggers upset jeet heathens and whining tendies retards along with whining raghead dune coon muslim satanists there are no uncensored posts left. dead site for nigger lovers and brown failed state pedos tendie retards playing mario just like little white girls in the 90s. what a pile of censored nigger loving heathen brown pedo fag shit this site has become anyone who posts here now is just fucking reddit 2.0 the cuntening.",0.68408644
kwab what a chokefuck off you raghead asiatic cunt,0.9563754
"so this is interesting, the media is quick to insist that anybody saying this person is a raghead, is ""lying' but none can give any details that contradict this claim.

they do say he is from cardiff, which given his age, means there is only a 40% chance that he is a raghead. 

given the fact he stabbed three girls to death there is a near 100% chance he is a raghead. 

 at least it wasn't an east asian stabbing people or there wouldn't have been enough body bags.",0.39441586
"r.i.p america!: tell you what! :  and i'm only talking here to my white european brothers on the american extreme far right..!    bros!  -  though he's 98% on point... 
i harsly disagree with his defeatist last sentences : ""just get out!""   <<  nope! 
bullsit!    i say, get ((( them ))) the fuck out!!!!!!!!!  all their niggers, shitskins, non-white proxy armies too..!!!!!! 

 you gotta fight for what's your land, your birthright, even if it will cost us blood!  
or you, as usa american whites will be no more. 
( simple as that. )  

understand this! : we european white men are the number 1 combat warfighters on this planet!!!!!!!!!!!!!!!  

no jew, no nigger, no spic, no raghead, no shitskins could stand against our might, when we are organized.!.!.!  -  fact!  
so, while the usa is completely fucked up, as long as white men remains, with grit in your hearts.., nothing is lost. nothing. 
""nothing is over! nothing. - you just don't turn it off!""  
remember that.  

""darkness always precede the light.""  

gabe",0.7105462
over my dead body raghead goat fucker!,0.95048624
to be fair imagine being born a stinky raghead. have to get up at 5am to pray to a peado. no booze. no pork. most are incels unless they get married off to their cousins. live in shitholes that stink. hot all the time,0.76523775
"oi oi you wankas it wonnet a fakkin raghead twas a bloody negro, the real darkie african ones, get it roight ya daft cunts!",0.9209984
"""reconelement said: 			izrael madam only like pajeets stay away raghead""click to expand...""please saar, kindly do the needful and share saar",0.29771072
"""reconelement said: 			izrael madam only like pajeets stay away raghead""click to expand..."" in heaven",0.4269174
you won't hear a word about this raghead animal and they will claim it's because he's a minor.,0.3811502
izrael madam only like pajeets stay away raghead,0.4826145
oh my god i never wanted to be swedish more in my life. how do i move there do i just dress up like a raghead?,0.37458646
how's that feel raghead scumbag,0.7105462
kill that raghead piece of shit!,0.96069145
jamaal the raghead,0.3375374
don't believe anything a raghead says,0.4421347
barbarian raghead scum who should all be beaten to a pulp and then shot 😡,0.8629672
even towelhead vermin consider jesus christ a prophet.just a shame they decided to follow a raghead kid-fucker since the 7th century.,0.7998551
neither one of those freaks are native american  indians . camelhair is   communist india and and raghead. that other thing 🤔 well god only knows what she  is!,0.5559701
islam is like national socialismeven though nationalism and socialism are haram in islamkys raghead,0.45703048
isn't being a dirty raghead enough?,0.57271194
"they can thank raghead shitskin propagandists for having no subtlety and elon for allowing them to spam ""saar evil zionists killed the week old infant i was using as kevlar"" under completely irrelevant posts that don't even have anything to do with the conflict",0.60311776
ziggers spam 3 us soldiers getting ambushed and killed for yearsgets an entire platoon massacred with raghead making tiktok vids of their corpseswhy are russians so fucking incompetent and cringe at literally everything they do?,0.8460273
i cant be bothered to download and post the video of the entire wagner convoy that got ripped apart but you can like find it on /k/apparently they got caught in a sandstorm (according to ruskies) + general poor russian planning and logistics + its kinda a gamble as to if the local raghead jihadist goatfuckers are pro/anti wagner/russia,0.5721988
fuck the olympics & fuck every raghead shitbird muzzy!!,0.968226
"no, ""everyone"" does not. every single jeet, chink, jew, nigger, spic, raghead, abo and chug deserve nothing less than extermination so that actual humans can have a future free of bipedal feces like you.",0.78855824
they are getting more cctv as well so that should wipe the sly bullshitting smirk off the raghead solicitor,0.62702215
alternative rock/metal edition ragheadmemes of the iron agenonceprophetstaking headsthe tunnels undergroundsubsonic youthrags against the machinesister i go downsandgardenthe brown stripesfuseaisha in chains,0.1373533
get those unaccultrated asses back to their raghead batbarism,0.74954444
"i think she meant do “anything” at all… protest, etc. you don’t have to agree with a raghead to admit one thing they said was right.",0.2922276
"show flag, coward.and i hope israel burns, along with every raghead that calls itself a citizen of it.",0.7252971
"ok raghead go and fuk your wife, i mean your goat !!!",0.93383175
"don't care if its a jew, nigger, spic, wop, chink, white, tranny, faggot or even a dirty proto cuck (turk) raghead. hang and kill every single fucking pedo on the earth. no mercy at all, every single one of them needs to be slaughtered. once someone has the full intentions or has pics/vids of any kid diddling they need to be disemboweled in a public square. anyone that disagrees with any of this is a pedo faggot tranny lover and wants to fuck kids or jewish.",0.944597
dinga dinga raghead music plays in the background,0.15600902
it’s a false choice presented to the american people support your zionist jew masters or the spiteful mutant raghead commie protest,0.50789946
fuck black chicks calling them filthy cotton picking slavesfuck arab chicks calling them dirty raghead terroriststhey still want my dickwhat is the political implication of this ans should i vote republican or democrat?,0.968226
"the copper who kicked the raghead in the nut,would likely arrest joe public for using the wrong pronoun to a woketard,or saying something derogatory to a follower of the mental midget.funnyoldworldinnit?",0.4269174
"irony: a ""british"" raghead delivers the news.",0.39021665
"this is america raghead,you need to drag your ass back to your litterbox.",0.8252207
another raghead losing his head and thankfully he ends up in hell...,0.68408644
read between the lines raghead,0.37751234
defend the flag?! who goes a shit about the flag? how about defend your country from raghead terrorists that soon will be raping and beheading people in the streets like they do in europe? and the joos that put them here. could care less about the flag after how gay america has become,0.76197964
"yes but its an insult that became common to describe a group of people that are typically the enemy. just like chink, raghead, poo (pajeet), etc., it doesn't mean all slaves were slavs, and vice versa.",0.4014846
"was it him? there were about five arrested in the end 🤣🤣it's the thuggery of the police i can't stand they are supposed to be upstanding citizens and set examples. next time one of his colleagues is kicked in the head by a raghead at least they can say they're just following his example 🤷‍♂️🤣in another video i've seen they push that little granny cos she's not walking fast enough!they caused more of an issue in the end.again i have no sympathy for the simple brown dickheads who thought it would be a good idea to kick off in an airport, they should've just shot them 🤣i just expect better from our constabulary 🤷‍♂️",0.6544696
about time we started dishing it out instead of taking it all the time with barely a fucking whimper and i hope that raghead barbarian is now brain dead as it serves him right😡,0.8403191
"we'll not house our niggers and ragheads in the affluent and rich areas of dublin... only in the poor areas but still the poor people fail to rise up and squash their politicians out of existence. protesting is futile. boycott every politician and every nigger and raghead... all of them... men, women and kids because remember the kids are a replica of their psychotic parents.",0.6989911
"eat shit fuck off hundreds of filthy raghead sand/viggers goat-ball-sack licking camel-cock-sucking packastanleyian bitches pretending to be's ""hebrews""???? pure bowl of shitski!!!!!!! disgusting!!!!!!!!!",0.9749944
"it also comes as many on the left have become increasingly dissatisfied with the way netanyahu has waged the war, which has killed more than 39,000 palestinians &gt;&gt;&gt;&gt;&gt;&gt;&gt;&gt;&gt;&gt;&gt;&gt;&gt;&gt;&gt;&gt;&gt;&gt;&gt;&gt;&gt;&gt;&gt;&gt;&gt;&gt;&gt;&gt;&gt;&gt;&gt;&gt;&gt;&gt;&gt;&gt;&gt;&gt;&gt;&gt;&gt;&gt;&gt;&gt;&gt;&gt;&gt;&gt;&gt;&gt;&gt;&gt;&gt;&gt;&gt;&gt;&gt; whoa! sounds as if them hebrews have a long ways to go yet???? now let see 1,000 wild-bug-eyed raghead sand/viggers ham@$$ / hissballah goat-ball-sack licking camel-cock-sucking filthy piece shit packastanleyian for every 1 good and decent israeli killed = equals like roughly well over 1,100,000 wild-bug-eyed raghead sand/viggers goat-ball-sack licking camel-cock-sucking filthy piece shit packastanleyian bitches yet to go???? sure looks like them hebrews gots their work cut out for them???? yup!!!! so best gets on with it until yawl makes all them wild-bug-eyed raghead sand/viggers goat-ball-sack licking camel-cock-sucking filthy piece shit packastanleyian shit-head little ham@$$ bastards become shalom!!!!!!! oy vey!!!!",0.4850187
another nigger or raghead...,0.8252207
"how much kompromst do you think they have on him? or is he idealogically imbedded like that raghead traitor brennan, by mennen?",0.4398409
you are a migrant vivek. you will never be an american. your nationality comes from your dna and your dna is raghead. just because some corrupt politician gave you a piece of paper does not say any different. he is the system and so is every politician on earth.,0.47119883
"i'd rather every last raghead on the planet was cast into active volcanos than a single finger was bruised on a eurogene woman, dyke or not.same goes for yids, nogs, paks, zips.",0.5885171
"the wheel only came from what is know raghead iraq. then spread to other parts of the old world. some part of mexico had a toy with a wheel but that’s it. 2 locations on earth, really only one. meanwhile black africa had:independent neolithicindependent canoe makingindependent metallurgy independent writing system (only 3 small systems rarely used)independent governing systemdeveloped indigenous large towns, some had roads, some had wooden toilets with boiling water, water storage, glass bead making, various native cloth making, native pottery, weaponry. meanwhile some people borrowed everything from others and whine on a bushongo raffia weaving board.",0.2359567
literal raghead,0.32919475
"kamala harris’ ‘boycott’ of netanyahu’s speech to congress ‘disappointing,’ israeli official says.    you think that’s bad?  if kamaltoe's elected, you’ll really be fucked…. bigly fucked! she needs michigan… the democrats are selling out israel and those who support its existence for raghead votes.",0.687436
"hell yes mr president go get them. don’t forget clinton, schumer, schiff, pelosi, raghead raskin, merrick garland, alejandro mallorca, bernie thompson, and so many more. then there are some new york judges i feel you know i’m talking about. and let’s not forget a few das that don’t need a law license anymore. also those das need to be investigated for having millions. how do you do that on what they make?? if the money they all have wasn’t made legally, the money should be taken from them, property they have taken and cashed in. then that money decided up and passed out to our disabled military veterans. and all of them. just saying. ￼￼",0.37694603
"cameltoe for president 🤣,  is it just because of the puppet master? obama?  and she is correct about biden doing more for this country and our people, then anyone else in history!  yeah, i have never read about any president that ruined this country as bad as the puppet biden!  the people need to put the treasonous obama in front of a firing squad, for his treasonous actions during office!!  and everyone totally excepted, just because he was a black raghead!!",0.61223894
"raghead raskin today said that the second amendment does not mean citizens are allowed guns to attack the government.  well, that is exactly what our founding fathers were saying when they talked about the citizen's ability to stop a tyrannical government!  democrats are scum!",0.68408644
"the german police don't fuck about with raghead terrorist supporters, about time ours stopped being fucking two tier pussy's!🇩🇪👊💥🇬🇧",0.9061063
"why yes,  congressman jamie raskin, the second amendment was written so that the citizens could defend itself from a tyrannical government.  i don't give a shit what raghead raskin has to say!",0.52272606
shut the fuck up you stupid raghead shit monkey lmfao,0.9817629
kike dawgs don't like them raghead retards.,0.6863638
this african wasnt eligible to serve as president!!! so what do you mean can he serve as vice president?!?! send his worthless african negro as* back to kenya where he belongs!! although because of his lifestyle with big mike when he enters any or passes through any muslim raghead countries they will more than likely throw him and big mike from a rooftop! thats what they do to homos! no...he isnt eligible!,0.74954444
"never talk down to others. that is unless they're a nigger, faggot or a jew defender, a raghead, mexican, a wench with an insane body count, a weed worshipper, alcoholic, a democrat, a republican, libertarian, or a patriot front glowtard, a qfuk, flat earth dumbass, fuck it scratch that original sentence. talk down to everyone. 😎",0.8252207
as opposed to becoming a nigger faggot pajeet raghead spic chink gook commie hellhole,0.9061063
the mighty english and french armies combined lost to a bunch of starving raghead arabs in the 1100s,0.4014846
"no, i dislike goat fucking, bottom dwelling cockroaches. you must he a raghead that sucks the devils cock.",0.95048624
"gtfo, abdullah. this is a white man's board. get your raghead ass back to twitter.",0.8460273
it's not going to be their choice. it's why this election season's such a fucking drug addled circus.mossad's just going to fly a cruise missi... i mean a 747 into trump's inauguration then say raghead sandyman did it under orders from the arab league. they'll swear in god-emperor gavin newsom whose first speech will be how we must protect our greatest allies and preserve freedom and democracy at all costs. two weeks later he'll be assassinated by towelhead 'definitelynotmossad' sandyman leading to the swearing in of his vp cumulin hair as president. a bizarre mix of jingoism will get railroaded through congress at blitzkrieg speed as the propaganda machine whips up a fervor to invade the middle east to finish the fight once and for all now that the public is vastly more retarded and polarized. they already know that after 2.5 decades of hard labor no one can tell any of them apart so the propaganda machine will make washcloth hitler into the greatest public enemy while the forces on the ground just scorched earth anyone remotely associated then cover it up by falsifying evidence when they can't sweep it under the rug entirely. this time they'll do it on an unprecedented scale now that there's a larger disconnect due to being able to spam artillery and air/drone strikes with less boots on the ground seeing that they weren't who they were told it was. they'll continue putting on plays to obfuscate and push that they're hiding behind civvies while faking attacks to push more into not caring about collateral civvies.,0.52007306
based raghead hillbillies,0.36867723
stfu goatfucker raghead all modern muslim countries except those with oil are impoverished shitholes with infrastructures and technology well below medieval europe. kill yourself and go suck mohamed's dick in the afterlife.,0.968226
"go slaughter more russian children at beslan raghead, that seems to have cowed the bitches well enough.

you're all going to die and you brought it on yourselves.",0.85333383
raghead al haddadis this the greatest timeline ever or what?,0.11450345
"republicans are degenerate 800 pound electric wheelchair boomers whose feet are rotting off from diabeetus, who have suffered over 9000 micro-strokes and whose only sense of power and control in their lives is the vicarious experience of watching inordinately expensive guided bombs dropped light up a bunch of destitute raghead goat herders.",0.63782936
"whether you agree with her statement or not, it should bother everybody that belgium has a raghead foreign minister. i don't see any belgian foreign ministers in raghead countries.",0.16851899
"why do mexicans even come here anymore?they don't. mexicans quit coming here like 10 years ago. mexico is now our biggest trading partner and many mexicans are prospering. now we're getting people from further south. as well as a bunch of fucking chinese military, outright gangsters, raghead jihadis and assorted mal intentioned scum from various overseas shitholes. i will never forgive democrats for that last part. if something bad comes from this, dem voters, it's your fault.",0.6852916
"you're a whiny pussy and i'm probably the only man in this thread who was a full adult on 9/12. you don't remember, obviously. you were probably too young, but people were in the streets wanting blood. if jr had nuked a few raghead cities on that day, nobody would have said a fucking thing.",0.88599813
i see a nigger everyday in cracow. everyday i see at the gallery these stupid raghead bitches with their stupid fucking kids. its over.,0.9391453
get out of our country...... no nigger or raghead is welcome in ireland... get out. volunteer he says... she's an ngo psychopath and traitor and she should be starved out of her neighborhood and country for doing what she's doing. boycott these rats.,0.85333383
"that doesn't bother me too much. i feel sorry for any woman that goes with an raghead or pajeet.i just imagine them having sex with bin laden and his smelly, garlic infused greasy beard. and their dicks probably stink too, all sweaty and unwashed.ugh, dirty bastards.",0.85333383
time to send that raghead on a 1 way trip to allah land.,0.49139655
i hope that filthy spic caught a raghead ied,0.75208336
you pro raghead?,0.28548008
looks like the djt teamm are ...pro ....raghead.,0.2854937
"yeah i know you're not, a jew would at least be able to construct a sentence. you're probably a street shitter or raghead.",0.7701451
after all the blathering replies. trusting a raghead is next to trusting a fking democrat. either way you get fked.,0.6027529
that was literally all the imported niggers of syria general (now /pol/ in its entirety now)could talk about omg the raghead rape gangs will save russia based goat fuckers 72 russian virgins for these brave chechen supersoldiers full support!,0.8364697
"i do not accept the authority of any being who seeks to dehumanize me as an anti semite, goyim (animal), islam-aphobe, kafir, anti christian, white raisin, vanilla raghead, blashphemer or any other slur in order to attempt to shame me into moving toward a religious direction that serves the interests of groups that consider me simply part of a body count  for their own self interests.  both democrats and republicans in the house and the senate take money from aipac.  some get more than others.it doesn&apos;t make me anything but observant.",0.37576625
"if some aids-infested drunk vatnik btfos america, i support him.if some goat fucking raghead btfos america, i support him.if some escalator feeding chink btfos america, i support him.if some nigger arsonist or ar-15 toting poltard btfos america, i support him.if some fucking zombie redcoat rose from the grave, got on board his frigate, said ""i'll give those blaggards the old what for, by jove"" and started firing broadsides in new york harbor, i'd be rooting for him today too.fuck america.",0.85333383
a nigger or a raghead is not a human being. they are below rats on the food chain. it's high time the white man stood up for the two remaining white continents on this earth. they've already destroyed three continents. pity and sympathy is for weak white men and we've been doing that for thousands of years. boycott them and they will leave europe and north america in their tens of millions. boycott all politicians. not one bullet or missile needs to be released.,0.73663366
sikhs aren't flying airplanes into our skyscrapers.kek stupid street shitter raghead scum..,0.89241093
"evil raghead gimmick. vince burned that with removing any nuance from hassan, or whatever his name was..",0.32971194
the only man to actually save england is an obese pre-diabetic geriatric crook that tried to use government connections to help paki bastard raghead freaks abuse the system and steal from (you) the tax payeryeah sure go fuck yourself,0.9061063
"this is a man in a dress telling the irish people they will be replaced no matter how much protesting they do. protesting is futile. boycott every politician, every nigger and raghead... stop interacting with these psychopaths.... they will leave if you starve them to death.",0.76197964
remember this irish man.... this is your former leader (a raghead from india) who wasn't voted into power by you or anyone in ireland. not since 1922 have the irish voted for the leader of the country and this is a constitution that was accepted by the irish people!!! we are dumb and ignorant throughout all of our history.,0.6289369
it can but it wont. not until trump takes power. thats why you telling me orange man bad is such cope. i dont care if israel kills a gorillion niggers with trumps blessings. i care about what trump will do here for americans. killing the raghead general was based af.yes. very based. all ragheads should be killed tbqh.,0.718943
killing the raghead general was based af.,0.40336934
killing the raghead general was based af. even more so when irans repossess was to kill like 200 more of their own people and then cuck to blumpf. what a pathetic shithole iran is and idiots like you constantly tell me its so based and powerful lol.,0.8115627
rt:  and loaded here raghead.,0.31547862
get every single nigger and raghead out of ireland... boycott them.... let them starve to death.,0.9288007
i think the group i currently hate the most is sikhs. raghead genie looking motherfuckers that smugly think they’re special. what an absolutely horrible stupid culture and gene pool.,0.90451443
i really fucking hate those raghead retarded freaks. they are so smug about being retarded ragheads. its like if mormons wore their gay underwear on their head instead and where smug about it. fuck sikhs. out out out,0.96426713
raghead cunt,0.85333383
how times have changed because weak yellow bellied white men allowed it to happen... it's easy take it all back. boycott every nigger and raghead of all services in europe and north america and they'll have no choice but to move back to the s***holes they came from. it's that simple. starve them out of both white continents.,0.72028047
so f*** off back to nigger and raghead land little bitches. you were never welcome in europe or north america. boycott them of all services and they will leave.... the people have the power in the palm of their hands through boycott and not one bullet or missile needs to be used to get rid of them off our two white continents.,0.911035
"a friend who spent time in qatar during george hw bush's 'desert storm' told me the creed of the raghead men in qatar was/is, ""women are for children, young boys are for pleasure"" so yes, chauvinist pig raghead men will screw anything (goats, etc.) &amp; everything they want to screw because getting their rocks off is very high on their list of priorities: history'queers for palestine' has a nazi precedent‘yasser arafat’s homosexuality was widely acknowledged since at least 1976’by scott lively july 12, 2024",0.47173777
being called a raghead by someone whose skin colour is darker than the average camel jockeytop lel,0.50759226
"watching 'the looking glass-youtube ' as he covers the raghead march,i just saw an anti-palestine placard that read:gays for palestine= chickens for kfc.yep.....that👍",0.49139655
"originally posted by taxexile brits? i think not. raghead scum. probably involved in smuggling drugsand illegals immigrants through the eu on their was to the uk. you idiot. he’s of turkish descent. and is as likely to sport a rag as you are a foreskin. har, har.",0.7510937
hasan topal ediz can brits? i think not. raghead scum. probably involved in smuggling drugsand illegals immigrants through the eu on their was to the uk.,0.5885171
"total raghead deathkill ragheads, behead ragheads, roundhouse kick a raghead into the concrete",0.6827122
anything for the win baby...it's a false flag or operative a shit the bed big time cuz i don't see some tranny or raghead getting within any kind of range with a weapon.,0.75208336
"notwithstanding the crazy-eyed pro-hamas raghead, i would be so embarrassed to be seen in public supporting this lying,  brain dead puppet.",0.63782936
nah!!!! i say fuck them filthy bug-eyed raghead sand/viggers goat-ball-sack licking camel-cock sucking piece shit packastanleyian bitches!!!!!!!!,0.96426713
kick every nigger and raghead out of europe and north america. all problems solved.,0.8778702
"no loss wrote: ------------------------------------------------------- &gt; another over-indulged raghead dead. no 18 year old &gt; has a need to be driving a bmw or a lexus at any &gt; time. but ragheads feel a need to indulge their &gt; male offspring. if dad is just a used car &gt; salesman, why was the kid spoiled like this? &gt; &gt; and i&#039;ll be the first to ask here - was he gay? &gt; &gt; for those who bitch about ...",0.7510937
let's deal with the raghead cunts ourselves 🥷,0.72028047
cut the raghead kunts head off!!!?🤷‍♂️🤷‍♂️ thats what those pr..cks wod do 2 us for nothing🤬🤬🤬,0.681338
rt:  ain’t a raghead #wh0reofhamas op like “the lady” like #kamalaharris,0.32289913
rt:  ain’t a raghead #wh0reofhamas op like “the lady” like the #cumguzzla #kamalaharris,0.3827457
"this is incredibly weak. that's what comes from being a 50 iq sandnigger. it's evident you're the same raghead as op, and your divide and conquer skills are nil.did they really give you no training or are you just winging it on your own and trying to copy the formula?either way it's embarrassing",0.64447093
1 diapar head i seen today looked like he had a fuckin dildo wrapped up in his rag...dysgenics even for a raghead,0.85173553
"but if you're in india then you can do it in winterwhat a shitty argument lmao some raghead just took a racial logic on it when it is literally a notion of physical place i will say it againa white person can observe this practice in winter, and in modern times this can happen anywhere too. it's extremely common for people in shitholes to claim some nonsensical special snowflake shit",0.8403191
migrant who murdered three people has a brother who beat a man to death in a road rage incident. white man... stand up and kick every raghead and nigger out of europe and north america.,0.76523775
all abrahamist cults are pedophile religions for raghead niggers.,0.9209984
raghead loving cunts !won't be defending them when there in the old burka. or will they 🤔,0.7510937
how can we be dealing with these raghead countries when they pull shit like this. its so backward. fuck them. dont want anything to do with em unless they can be civilized. all a bit kafkaesque innit,0.85850734
"timmins police serviceshow raghead fuck in adtimmins is 85% white and 10% chug, with the remaining 5% assorted filipnos etc. tim horton workers. fuckin bullshit (((diversity))) propaganda",0.8629672
"upcoming marriage between a nazi fascist &amp; a cult of murder/muslim brotherhood raghead. who'da thought it?  summer 2024 is getting hotter. sunlight starting to glare again on these two as well as hussein 'renegade' soetoro, big mike &amp; hitlary. not long now &amp; the volley of skeletons flying out of the closets is going to be relentless &amp; epic 😁",0.47622904
religion doesn't say freedom  and  liberty and  muslims don't  have  our godly  beliefs which is  why  god  left  them  raghead out  west,0.40060925
"supporting palestine = supporting muslimssupporting muslims anywhere near commercial airlines = very badnot a kike, denounce the talmud etc. but my airline experience would be soured too if i got the impression one of the attendants on my flight would let some poor underprivileged raghead with a box cutter into the pilot's cabin on a whim",0.44933176
"personally i say fuck them filthy raghead sand/viggers packastanleyian goat-ball-sack licking piece of shit!!!! so long as them little bitches continue to support ham@$$ i hope idf continue to pleasure themselves in those packastanleyian's fat little camel-cock-sucking @$$!!!! mazel tov to all my brave courageous israeli defense forces young men and women as yawl fight for yawl very survival in that allah-forsaken shit-hole they call the gaza!!!! like that road-chain-gang warden in that old classic movie **cool-hand-maury once said them packastanleyian little bastards need to gets their """"minds-right"""" and what we have here is a """"failure-to-communicate""""???? mazel tov!!!!!!!!!!",0.9248995
"dying for israelno need, naziboos safely informed me that jews genocide 30 000 raghead brown spawns every day.",0.509388
"he won't, he'll got shot like that raghead in south carolina.",0.51980776
1:00 f*ing raghead pos,0.5779532
irish race i assume you mean?  i think we should stroke the tiny hats and raghead hatred. them fighting is good for us.,0.4014846
i love it when a raghead and tiny hat fight. warms my heart.,0.36095104
kazakh mafia. nothing raghead about those fuckers. they’d give the albanians a run for their money in the total cuntish stakes in organised crime.,0.8364697
"at this point i'd just like some 'hater' to explain in detail what they're going to do about the jews and the raghead inbreds----what?whatcha gonna do?waste of time talking about it, moronsville.",0.50789946
"identified as mr. abdulhakim khasanov, 29. russian and a raghead, no surprise there then.",0.36095104
"saudi aramco is betting the internal combustion engine will be around for a “very, very long time” as the world’s largest oil company spots a business opportunity from the rise of the electric car.the state-owned oil group, which made $500bn in revenues last year mainly from producing and selling crude, last month took a €740mn, 10 per cent stake in horse powertrain, a company dedicated to building fuel-based engines.the calculation by saudi aramco and the other shareholders in horse, chinese carmaker geely and its french peer renault, is that as the industry stops designing and developing its own combustion engines, it will start buying them from third parties.“it will be incredibly expensive for the world to completely stamp out, or do without internal combustion engines,” said yasser mufti, the executive vice-president at saudi aramco responsible for the deal.“if you look at affordability and a lot of other factors, i do think they will be around for a very, very long time.”thanks to chang, frog and raghead alliance the ice will not go away.",0.030741978
"your raghead boogieman in a bottle ain't coming bro, man the fuck up",0.8696708
stupid half breed raghead rape babies. yet they would suck n fuck all the spic/nafri terrorist migrants. spainfags won’t do shit as usual but follow beef curtain skanks around like lapdogs.,0.944597
"the fact is that the moral question of slavery is actually back seat to the question of federal supremacy, becauseit would make you look like a raging racist? sorry, i don't give a fuck. states never had a right to secede, and especially not for the express purpose of continuing to promote literal slavery.you're a godless sinning mancatcher who wants to destroy the union!"" is exactly the same thing as ""you're a traitorous raghead terrorist who won't support our troops!""well, except one is built on the shitty choices someone made, and the other is literally racial slurs and false accusations.",0.6020386
"europe is gone. just another third world hellhole controlled by nazis &amp; raghead cult of murder followers: extremist antifa leader who is on france’s national security watchlist has been elected to the national assembly as a member of the new popular front leftist bloc.the official spokesman of the lyon antifa collective “jeune garde antifasciste (young antifascist guard) in lyon, raphaël arnault will represent the first constituency of vaucluse in provence in the french parliament after beating out populist national rally candidate catherine jaouen with 54.98 per cent of the vote in sunday’s second round of legislative elections, le figaro reports....",0.4269174
"i will never support raghead terrorists.....friend of mine just said he watched a video about trump putting jews in charge of something, can't remember, my response is that trump probably owes jewish friends who back him financially in something, who knows, i don't know.nobody in their right mind is going to put inbreds in charge of anything, that's a fucking joke.",0.6544696
who is hasan piker and why does its name sound like a raghead and a kike at the same time?,0.45090583
shut the fuck up faggot only muslims hate drinking. go be a raghead shitskin somewhere else.,0.9749944
fucked my sleep up again. gotta take melatonin. hate it. makes me dream really messed up things in scary detail. last time i had a dream i was torturing a raghead in sandland and he was tied to a chair while i shouted in his face like my face pressed against his how i liked what i was doing and how i was about to cum. if you’ve seen the video of the guy showing “how to cut an english muffin when all you have is a buck 110 handy” that’s what i was yelling at him. i was pulling his finger nails off. and i’m pretty sure i was screaming it in my sleep so my family heard.i’ve had other dreams like this from melatonin which is why i quit it but my sleep is all fucked without it and i hate it. i can’t continue relying on it to sleep anyways,0.8299589
just as i said years ago these raghead barbarians would soon start showing their true colours as their numbers rose 😡,0.37751234
"hey joe ligotti here the guy from boston and today i'm serious, fucking 10 times worse then aids. i got a email from some fucking asshole raghead over at  heres the thing, nuclear war evident no question about it! what you guys have to do is stop eating your shit and getting your asshole eaten out and everything.listen you skinny mother fucker i jack off to wrinkly looking fucking balls!i suck large elephant dicks! i take 87 shits in 4 minutes! you little cockroach bastards! you cock suckers!so that brings me back to you mother fuckers, you're all fucking stupid, you're all fucking sucking cock!worst of all you're ugly and you don't think i get a set of tiiiiiiiiiities!fuck fuck fidly mother fucker fuckbllllelebbrbrbasrrraaaaaaaaaaaaaaaaaaaaaaaaaaaaaa*china and russia nuke bawstun*",0.90451443
because beyond a few raghead apologists everybody hates the ragheads much more than the jews.,0.50503236
"another worthless piece of shit nominal canadian, stolen valor, backstabbing asshole with his super cool raghead!
fucker needs to be kicked in the balls until unconscious.",0.944597
shit upkek you dumb raghead,0.85333383
israel says it will no stop pleasuring itself in the @$$ of them filthy goat-ball-sack licking raghead sand/vigger's packastanleyian's ham@$$ until they bust both nut's at least several times each and then only after hissbollah drops down on their hands &amp; knees lick it clean for israel as the hebrews pull it out while it is still throbbing and erupting molten red hot! kosher lava!!!!!!!! in other words packastanleyian bitches go eat camel shit and fuck yawl selves!!!!!!!!!,0.90451443
get every nigger and raghead out of ireland.,0.8364697
the gay raghead gets schooled:,0.62136006
all of these normie fuckers browse ip2 miz has admitted it and amourath has admitted it..what other option is there?lsf? that site is  heavily modded and hates kick and ip2?fck that sjw site ..ip2 always wins and always will.also how many clips has that raghead from worldstar stolen and outright used our videos with the watermark on it? these bastards have no shame and are major leeches.,0.8988238
"great britain' is gone. the only thing the brits have to look forward to now is total, bloody annihilation from the cult of murder raghead invaders &amp; the nazi fascists. this is what happens when a national culture &amp; tradition is to live to sit in the pubs every night &amp; drink ones' mind &amp; life away:breaking: leftist labour party wins uk election in landslide, exit polls show — worst result in tory party history — nigel farage’s reform party surgesby ben kew jul. 4, 2024 4:40 pm",0.45090583
get every nigger and raghead out of europe and north america and let them enjoy their psychotic behavior in their own s***holes.,0.85850734
get every nigger &amp; raghead out of europe and north america and force them on planes back to the s***holes they came from. then grab every politician in both white continents by the neck and throw them in prison for treason. inside these specially built prisons let the politicians fight against each other for their lives under a hunger game ideology. it should be screened live and it would be the most watched tv series in human history.,0.7308154
fuck this raghead cunt!🖕🏻,0.96069145
"my name is vlad tepes iii.  i was born in 1431 in transylvania, a mountainous region in what is modern-day romania.   i am son of vlad ii dracul aka ""the dragon.""  he was a member of the order of the dragon and ruler of wallachia.  the order of the dragon (societas draconistarum) was a monarchical chivalric order founded in 1408 by sigismund of luxembourg, who was then king of hungary and croatia, and later became holy roman emperor. the order was only for selected higher aristocracy and monarchs, and its purpose was to combat the ottoman empire and protect christianity.  my father vlad dracul, my younger brother radu, and i were captured by ottoman sultan murad ii.  my father negotiated his release but the sultan kept my brother and me hostage as collateral for their agreement.  my father was assassinated by boyar scum, a betrayal that i later avenged.  i was freed from ottoman captivity after my father's assassination as there was no longer an agreement to hold collateral for.  i would later suffer captivity again under king matthias corvinus, king of hungary  beginning in 1463 on falsified charges of heresy.  i later negotiated my release and unified power in wallachia while avenging the assassination of my father and older half brother.  i consolidated power through my negotiation skills and became ruler of wallachia.  i had gained and lost and regained my throne many times.  i was betrayed many times, and had to betray others many times.  i was a harsh, but just leader.  sultan mehmed ii of ottoman empire was arch nemesis of the order of the dragon at that time.   i impaled over 20,000 brutal, anti-christ goat fucking ottoman turk raghead bastards in my defense of christendom and used turkish heads as tree ornaments.    in my later years i made many contributions to the monastery on mount athos.  i built a church in târgșoru where my father and brother were brutally murdered.  i established the comana monastery near the town of giurgiu.  bishop metropolitan of the  wallachian church supported me in my war against the ottomans.      i have defied/cheated death through the curse of vampirism but still seek salvation through jesus christ.",0.09112182
"dumb raghead, everyone knows it was john quincy adams.",0.6588125
"""many americans live in this area and consider muslims filthy. please keep your raghead on a leash or possibly out of sight. after all it is their country, and muslims are little more than a guest in their country.""",0.54325575
you brown raghead fucks need extermination.nuke mecca,0.9391453
"by that metric you and your country are now subservient to jew masters making you personally complicit in everything that is happening in norway.you brought every single somali and raghead in, and you personally supervised every child rape that has taken place within your lifetime.that makes perfect sense, doesn't it.",0.45243698
the brass is always trying to prepare for the last war they fought.no you don't get it we *need* every last rifleman to be able to engage a raghead who takes potshots at the patrol from a ridge 1200yds away with a rusty pkm,0.28087774
african taxi driver tries to rip off passenger and refuses to unlock the door. never get into any taxi with a nigger or raghead in it.,0.6863638
"leftists eat their own: radical hamas protesters send letter to \'progressive left,\' \'we are not loyal to our oppressors\'  get rid of these raghead mfers any way you can.",0.4269174
"go fuck your family goat, raghead.",0.968226
a raghead wrote this,0.47173777
"stupid brit leadership letting those raghead camel fuckers free reign.... fuck the european leadership, and ours...",0.95048624
who the fuck is this raghead and how if he different then the ones i killed while employed by your parents?,0.91625386
"fuck all that noise, i watched the debate. saw bidens new speech yelling the next day. fuck man, he's old.at least trump got a partial immunity win. if trump wins again, i'd just laugh and have a beer. leafs have our own problems up here. ndp is a literal raghead",0.85333383
raghead fag ass bastards,0.96426713
"the ""american citizen"" was a raghead waging war on america. he was a paper american and not a real american, so no one actually cares.",0.41910073
no more raghead terrorists!!!,0.44002727
rt:  raghead! we aren't a democracy so get over it!,0.37751234
rt:  lost the raghead vote?,0.19314334
the only good raghead is a dead raghead!,0.51869136
i have more than you. the way it is meant to be. you dont belong here. effeminate raghead quasi-pagans wont last long here if it goes kinetic. youre all limp wrsited manlets except for maybe the jatts and there arent enough of them to matter. everyone hates you,0.6289369
omar is financed by qatar. another muslim raghead.,0.52139956
"fat c*nt merkel's low iq imported marauders.  🇩🇪  🇮🇷  🇩🇪  🇮🇷  🇩🇪  🇮🇷a 34-year-old low iq iranian import has been shot dead in germany after attacking three uniformed freemasons with a knife. the attack occurred in lauf an der pegnitz in central franconia on sunday evening. the knifeman first attacked a patrol car on eckertstrasse near the train station before lunging at officers.he was then shot by police. despite first aid attempts once neutralised, the useless goat f*cking raghead died at the scene.",0.63782936
isis was a raghead terror organisation while america is the 1# army in the world. of course in 1v1 there's nothing effective isis can do.,0.2853768
fuck off raghead.,0.9391453
"at a weekly cabinet meeting on sunday, israeli prime minister benjamin netanyahu repeated his stance that there is no substitute for victory in the war against the islamist militant group hamas.""we are committed to fighting until we achieve all of our objectives: eliminating hamas, returning all of our hostages, ensuring that gaza never again constitutes a threat to israel and returning our residents securely to their homes in the south and the north,"" he said.&gt;&gt;&gt;&gt;&gt;&gt;&gt;&gt;&gt;&gt;&gt;&gt;&gt;&gt;&gt;&gt;&gt;&gt;&gt;&gt;&gt;&gt;&gt;&gt;&gt;&gt;&gt;&gt;&gt;&gt;&gt;&gt;&gt;&gt;&gt;&gt;&gt;&gt;&gt;&gt;&gt;&gt;&gt;&gt;&gt;&gt;&gt;&gt;&gt;&gt;&gt;&gt;&gt;&gt;&gt;&gt;&gt;&gt;&gt;&gt;&gt; sounds quite kosher and reasonable to me!!!! betcha ole' benji nettanyahoo is enjoying himself pleasuring himself in the @$$ of those wild-bug-eyed ham@$$ raghead sand/viggers goat-ball-sack licking camel-cock sucking packastanleyian bitches???? mazel tov bebe fuck a couple of them for me and me's uncles saul reuben and maury while yawl at it!!!!!!!!! pure ""miga""!!!!!!!!!",0.17545098
"raghead driving speedboat roadrages at some other raghead""wullallah allahu akbar lallallah oh-la-la""sets off the boat causing a chain reactionragheads can't resist the urge to slaughter each other, the only reason they managed to take that picture is that the boats were carrying no explosives",0.3389984
"alright ashmonkey. keep making an ass of yourself with all of these retarded edits, you sad little raghead.",0.89241093
originally posted by sailor fnq: ↑ doesn&#039;t look like your typical me islamic radical raghead to me. what doesn&#039;t - pintihoo&#039;s &quot;images&quot; of hoodies? or the behaviour of the mental giants who desecrated the memorials?,0.4575469
"i haven't seen any le epic bro tier sikhs posts in years, but even back then i knew it was either poos themselves posting it or ignorant retards just hopped up on the dominant muslim-hate at the time who'd never even met a smelly raghead. i'm glad that /pol/ has finally caught up with what i knew to be true 10 years ago.",0.509388
originally posted by sailor fnq ↑ doesn&#039;t look like your typical raghead me islamic radical to me. tells us about you that you think it should be,0.44933176
"originally posted by pintohoo ↑ &#039;&#039;why is it in these days of cctv and surveillance everywhere no one is arrested for these crimes&#039;&#039; hazard a guess --------- just go out on a limb and note the first thing that comes into your head? ----------- go on, have a go need a hint? view attachment 6282458 doesn&#039;t look like your typical me islamic radical raghead to me.",0.47119883
"raghead monkeyasean, grimmeven indians are more human than you",0.5885171
"nigger nigger nigger. faggot faggot faggot. cunt cunt cunt. gay gay gay. lesbian lesbian lesbian. queer queer queer. tranny tranny tranny. taiwan taiwan taiwan. with these words and the ancient text i banish any and all reddit and tiktok sentiments and people in these threads! kike kike kike. raghead raghead raghead. dalit dalit dalit.and with these words i dispell any foriegn influence!glowie glowie glowie. government agent government agent government agent. fed fed fedwith these words i ban all government demons from these threads, back to the bureaucratic hellscape from which the came!cunny cunny cunny. loli loli loli. cutie cutie cutie. erotic erotic erotic. tummy tummy tummy! uohhh uohhh uohhh!i summon all loli posters and cunnyseurs to this thread to post and enjoy more loli!fuck you tourist get out of my thread!",0.9563754
"that muslim bastard obamarama is pulling the strings.. it's like his first term paying off the mexican cartel with the lame ""fast and furious"" shit.... just getting guns to the mex's and at the beginning of ""biden s"" term(actually obama's 3rd term,..he gives a whole division to the fucking hamas raghead( obamafucks relatives)... fucking whore",0.9391453
"i think it's part of their ""culture"". they believe that girls &amp; women just exist to be abused &amp; killed by men and they are bringing those beliefs into western countries where they see western women as prey. &gt;&gt;&gt;&gt;&gt;&gt;&gt;&gt;&gt;&gt;&gt;&gt;&gt;&gt;&gt;&gt;&gt;&gt;&gt;&gt;&gt;&gt;&gt;&gt;&gt;&gt;&gt;&gt;&gt;&gt;&gt;&gt;&gt;&gt;&gt;&gt;&gt;&gt;&gt;&gt;&gt;&gt;&gt;&gt;&gt;&gt;&gt;&gt;&gt;&gt;&gt;&gt;&gt;&gt; oh simply stop / quit!!!! yawl make it sound as if them nice raghead sand/viggers goat-ball-sack licking camel-cock-sucking bitches are some kind of some sort of """"mashers"""" er' somethingy????",0.50789946
"looks like that raghead, got a little crispy from being too close. anyways show flag monkey.",0.47886392
"paki is like ""raghead"" in canada/ukt. murrican with canadian mum",0.36867723
can you imagine how much insult is added to injury if you're some raghead being bombed into oblivion by shameless perverts like this?,0.54325575
"yeah, cause it's the americans burning down your country. cut the shit raghead.",0.8629672
which pres will free my peeps?fuck your raghead scum and their moscow/iran controllers,0.89241093
"remember doing this? i support israel doing this to their raghead terrorist neighbors, but since you objected so much, you better just let the chechens do as they please to you and your children. i am glad that your kids are going to be slaughtered by the thosuands to thank you for bending over to service the jihad.",0.5972042
the new nazi germany. the people need to fight back bc this is the crooked corrupt leftist woke trans raghead police state democrap take over!,0.584095
"islam is the real problem. if you wanna have any chance at fixing the middle east, you have to get rid of the mudslimes.complete and total annihilation of the entire ideology. same as cummunism.there's no such thing as a peaceful raghead. if they can't destroy the ''infidels'' with bullets and bombs, they'll do it through subversion.unfortunately it's working. there's at least two of them in congress, last i checked.",0.5532103
"he has only got one eye now, he was attacked and stabbed by a raghead attempting to carry out the iranian fatwa whilst giving a speech in new york. he nearly died and lost an eye.",0.37751234
🇮🇱 israel snuffs another raghead 👍  hamas number four ‘killed in idf airstrike’ israeli attack said to have taken out hamas’s top military brass in gaza,0.36456755
she is a pathetic raghead jogger. literally a good for nothing brother fucking somali shit stain.,0.96426713
what matters is the mps that want him gone before the summer ends. he can't pass another budget or bill without them. i would like to see the raghead lose party status and a pension as will happen,0.25462922
violent raghead shitskins are not free speech.they shouldn't even be in this country,0.7510937
oh hell yes kick that raghead racist sand scum and her busband brother out of our. country omar is not american and belongs in gaza deport that rag head sand scum!!,0.8540474
"the irony is that the religion’s tenets have the potential to grow and nurture a strong, nationalist and family-oriented society but its main followers and interpreters are inbred goatfucker raghead retards with 80iq that are incapable of understanding how to use it. islamic golden age sounds like it was awesome and ahead of medieval european society but idk what the fuck happened to them. if they try to take over europe today, 2 things will happen1. they win and run everything into the ground down to 9th century levels of existence2. they lose and get exterminated, the survivors forming yet another vendetta against their betters that will explode in hundreds of yrs from nowboth are consequences of having a low iq and an inbred dna. such is the curse",0.60254884
"he’s based. he kills waves of these little sandnigger shitpig devilspawns and you white christcuck trumpgoy faggots are too blind to see his true majesty. you think this meme hurts us? nobody gives a fuck about these little dead sandnigger terrorist-eggs. imagine her raghead mudslime mother cursing allah’s name for letting her poop colored sandnigger rat-monkey get blown the fuck up.israel is a white country, deal with it christcucks.but go ahead, keep voting for trump you anti-white christgolem snowniggers.",0.911035
lebaroach raghead detected stay mad durka,0.44039994
"the us economy is the strongest in the world. the us military is the strongest in the world.holy cope!dysgenic nigger mutt troon army.no hypersonic missiles.getting btfo'd by raghead goatherders.white men leaving in droves and not being replaced.big mac is $20your country is running on pure delusion for almost four years, your military expenditure and wastage is off the charts and it all goes to protecting kike international interests which run in direct opposition to the interests of the american people.",0.6027529
"man vs ape in that area is more likely to refer to scandis vs somalis, and unless they are dealt with soon, the problem is likely to get out of hand.just my opinion.average somali iq = 68average raghead iq is barely higher",0.37751234
uggh - it’s an ugly ass bitch with the raghead towel on - let alone not on ! wtf,0.9288007
"a few.one married his gf straight out of high school and dropped out of college to have kids insteadone enlisted after 9/11, spent years in a raghead shithole, came back home and married a dumb slut who used him for military benefits, and divorced him afteranother was a christcuck who tried to force the ""traditional values"" shit on me, his wife divorced him when she discovered him getting fucked by other dudes in their camperanother is still married, three kids in, and the dude just hates life because he has no time or energy to do anything enjoyable for himself, when i asked him if he'd do it all again, he said ""fuck no. i miss having fun.""sucks for them, i guess.",0.6989911
"russia fundec and supported taliban btwwrong.in fact, when the nato went into afghanistan, russia allowed them to use their airspace and rail network.most of the nato gear actually traveled over russian rails.the /k/ope that the taliban would have had foreign support is simply wrong.the nato lost against a raghead group that had no outside support whatsoever.",0.1587729
"or maybe the boomers shouldn’t have listened to the jews who wrote and promoted the 1965 hart cellar immigration act that allowed this raghead nigger to come here in the first place?the 1924 immigration act would have prevented this, but then we got the boomers..",0.5532103
"if you look hard enough, footage exists of one of those canister rounds being fired directly at a cheeky raghead getting a little too brave with a cam",0.21642438
"years ago""what the fuck is tiktok? why's that raghead wearing glasses like he's in top gun?""",0.7701451
"little hebrew bitches think simply because they grow nasty skaggly like pubic-hairs all over their kissers and wear goofy looking fucking hats!!!! somehow they no need to help guard protect mother israel from them shit-head dick-faced goat-ball-sack licking camel-cock sucking wild-bug-eyed raghead sand/viggers packastanylian ham@$$ bastards???? israeli supremey court say just like that cute little boy in them home-alone movies """"i don't think so""""!!!!!!!!!",0.91625386
me.die raghead,0.3317266
i hope the raghead attack each other (kikerael and dunecoonbollah). then isis ragheads launch muzzrat attacks all over the west. massive protests ensues and i’ll be happy as fuck. rolling for july 1 attack,0.6667219
"🇺🇲🇺🇲🇺🇲🇺🇲🇺🇲 american patriots we cannot allow one more single jewish person to be accosted or attacked by these ragheaded fucks trying to take over our streets! if you see a raghead out there, pro hamas or  pro palestine, beat the fuckers down into the street and beat them into a pool of fucking gooey blood and leave them there!!!!!!!   🇺🇲🇺🇲🇺🇲🇺🇲🇺🇲 malachai7of7  in the year of our lord  2024 🇺🇲🇺🇲🇺🇲🇺🇲🇺🇲",0.85333383
fire that raghead and ban him from your country or arrest and execute the terrorist pos,0.6863638
"raghead regime.....total disaster, erosion of irish culture and western culture.",0.3266089
the ndp are actual communists headed by a raghead. they want to implement wef shit like digital id and whatever the free money per month was. and of fucking course all my friends think its a great idea to just give 4000 dollars a month to everyone.,0.6827122
all the raghead wranglers are getting drone'd in ukraine,0.33338684
i see that raghead kunt sadiq khan has told tfl to ban st george flags on taxis and private hire cars 🤬🤬🤬🤬🤬 but u can wave plastinian flags or gay asswipe flags!!!!!!!!🤷‍♂️ that p..ick does my head in 🔫🤬🤬🤬,0.8299589
"can explain this raghead shit to me, i see these signs all over in my area",0.78207105
"dirty bastard biden, it's really that camel fucking raghead obummer doing it...",0.911035
it's not gonna be a country of raghead goat fucking terrorists either,0.8460273
"*doesn't have the same version.but you bomb those that have the same as well, you fucking raghead.",0.8629672
very old news considering most of the 911 pilots were arab raghead terrorists.,0.45090583
"if you think mediterranean nigger mutts are white, you're a retard. not a single germanic barbarian could read or write before the romans. english is a latin based language and all of our math is based on raghead symbology. don't be a blind faggot and accept that our innovations are built on each others. sifting out the trash is the goal, whities included. be a model custodian instead of an easily manipulated white power kike pawn in a shitty 5d checker game.",0.85333383
"i don't even take about israel, just like charlie. my opinion pisses a few people off. israel didn't start this, (as usual), and gaza can't complain that they are getting their asses kicked, because they did. i want israel to irradiated every lasy one of those raghead shitbags. every last one!",0.7308154
"send every nigger and raghead back to africa and asia (every man, woman and child). they are not welcome in europe or north america. boycott them of all services and they'll return to their s***holes in a heartbeat. don't speak to them... pretend they don't exist. their opinions are of the level below rats on the food chain. there's a reason china is 97% chinese and just 3% migrants.",0.8115627
"i am not inclined to even waste my time anymore on morons in the msm because they are demonic and will be defeated soonyou are right of course, we all know that, the media has covered up more raghead bullshit, and we can only hope that when the guillotines come out that they zoom right in on the media first.",0.7105462
"beheadings have been happening in america for yearsnot monthsyearswake the fuck up you raghead extremist loving obama sickos(if you're white you're getting it, and you still don't know it, if you survivedthe poison jab, you'll be beheaded with obama feels like it, nobody isstopping him and joe the moron who follows obongo the maniac, weall know what's in his black heart!! stop voting for crimina dems.start reading and stay off the tv, that's dems turf.",0.7675452
"shut up raghead lover, you are disgusting and you are no christian, you are brainwashed by inbreds, you stupid low iq.....",0.91625386
"never served. retarded scenario. as if the average raghead understands fields of fire, the cone of fire, or grazing fire. now replace that average raghead with a kurd who has seen some shit, and actually knows how to use his weapon.getting shot at makes you freak out a little bit. it also turns up the adrenaline for actual infantry. like finally, we get to do our fucking job. what we do is heavily mettc these days. also heavily dependent on terrain. suppressing fire works when its close, and plentiful. once they have their head down, only apply ammo to the area if you see them stick their head up. otherwise save the bullets and hit targets of opportunity.",0.718943
"fuck your quran, raghead, i'll smash your fucking head.",0.9880789
"oh look, a raghead explaining why america shouldn't have an opinion about china's invasion and occupation of tibet because it's ""another country"".

mud people are not very self aware.",0.40060925
just a raghead pos,0.33504707
watch wwe on youtubehave to sit through an unskippable mmgay ad advertising robert whittaker vs whatever raghead cunt they replaced khamzat withcan ufc fuck off already? genuinely hope this goes bankrupt,0.82048255
"yep, i've been banging on about it for quite a while.west &amp; south yorkshire towns are happy hunting grounds for the raghead rapists.",0.47900817
"-plant the wef plan to destroy canada rolls on unabated....i hope canadians hang that raghead racketeer who has propped up trudeau's wef tyranny, right beside trudeau when they discover how broke they really are.",0.44933176
"how tragic and horrible!     catch these filthy, cowardly, satan worshipping, sub human demons, castrate them with tin snips, soak them in pig blood over night and hang them.      record the entire thing and post it on raghead tv as a warning to the rest of satan’s minions.",0.7761081
they've been replaced by raghead terrorists and chinese mercenaries...,0.509388
give me five minutes alone with each raghead. mano a mano.,0.31547862
"still doesnt prove hes jewish. any info we have on him is based on assumptionswhat about the mordecai family of raleigh, north carolina? why are jews so based i think the hate towards jews is getting out of hand. where are the mods??? someone lock the thread they will quickly forget when the next crisis happens. we will mkultra some nigger or raghead to kill a few whites and the cycle will continue. face it goyyou're stuck in limboour grip is too strong for your race to break off. you will worship the king of the jews, eat goyslop and watch the talmudvision",0.5532103
they aren't. you're just corrupted. even little kids know that the crusader costume is cool. no one wanted to play the raghead. they know that being the cop was better than the robber. they know the cowboy was cooler than the indian.,0.47886392
"you think raghead sandniggers are smart enough to realize that, and care?",0.6407703
be's a cold day in gaza before i would ever take up for no filthy raghead sand/viggers wild-bug-eyed goat-ball-sack=(scrotum) licking camel-cock-sucking nasty packastanleyian ham@$$ bitches!!!!!!!!!!!,0.9029226
oh wilma  so your going to vote for the mf that didn't shutdown the border    got ya wilma   wilma the biden  supporter all the way    wilma's probably a dam raghead,0.56269526
"i'm not watching that whole thing. all i want to know is whether he gets to the point where the kikes knew it was going to happen, allowed it to happen, killed some of their own citizens to make it seem worse than it was, all so they would have justification to kill and displace the people already living in open air prisons due to some fake ass declaration in 1948 they took as permission to steal land from people already there. if you've heard this before, see 9/11/2001 and gulf of tonkin incident. also, for the record, fuck the raghead dune coons. none of it is my problem.",0.47886392
why did they include that raghead?do they not know what islam teaches about fags and dykes?,0.71760553
t. raghead living with 20 other indian dogs in a bungalow in surrey,0.3625127
"no asshole , u need to move the fuck out of here and take your goat fuking buddies with u raghead turd !!!",0.9563754
"i know two, previously three white people who voted for him for just being a raghead",0.50759226
it's hopeless where i am because people love this migrant shit and are voting ndp because their leader is a raghead and they got white guilt.,0.7761081
well fuk off to ‘palestine’ then you muslim raghead cowards,0.90451443
"fuck you, raghead. i hope you get killed    fuck with us christians some more.  bring it cunt.",0.9817629
"thank you very much, so it looks like it is confirmed, the propaganda put out by the captain chowder was just this gifo7johhny raghead has been waiting a long time to get one ine",0.119997114
obese raghead sand/viggers packastanleyian mindless libtard dumpocrat whore deserves a genuine david depape pauli piglosi **ace-hardware-claw hammer facial massage fucking disgusting sickening fat bitch!!!!,0.96069145
they are talking about firing mps. raghead will be forced to pull the plug,0.30527395
casually drives offhonestly if i was a raghead i'd probably just kill myself,0.62136006
"it's not a nothingburger, but schizos like the one in your pic have long maintained that the petrodollar agreement is the only thing backing the us currency. without it they expect us to collapse. obviously they're not going to say anything after nothing happens.personally i'll endure some brics cope posting for a while if it means not having to be friendly to those raghead savages anymore. saudi arabia is almost as bad as israel. trash ally",0.53579444
"pass right by it, vatican raghead",0.42129645
"we don't live in the 20th century anymore ahmed, it's very rare and illegal for priests to fuck churchboys nowadays whereas it's perfectly normal and accepted to wife nine year old girls in raghead countries",0.681338
"the majority in our country need to ""rein in"" these idiots. just because scotus judges dont play democrat games, idiots like raghead raskin and dipshit aoc throw a pissyfit with their threats.",0.7856813
no one is really interested in raghead vomit anymore. sorry. if jews kill muslims and have elections they are fine with me.jews do not 'control the west'.,0.51980776
too little too late. my dads home town is now 80 percent raghead up north. disgusting it is.,0.4574824
that's difficult to watch. i would like to take the dog's place and see what the final outcome would be  for this piece of raghead trash. *,0.6020386
"this is exactly why brave courageous young idf soldiers must must continue to pleasure themselves in the @$$ of these wild-bug-eyed raghead sand/viggers goat-ball-sack=(scrotum) licking fuck-faced shit-head packastanleyian whores!!!!!! in the end, israel shall need to keep / maintain a yuge military/police presence there on the gaza which no doubt annually will cost $$-billions-$$ of shekel's but no bigly problem!!!! the dsa=divided-states-america will more than gladly / happily pick up the tab like 100% same as usual???? bitch!!!! mazel tov motherfucker mazel tov sucka!!!!!!!! hello!!!! geesh!!!! oy vey!!!!",0.7510937
"one of benny hill's imported ragheads (or raghead sympathisers) shows disdain towards shane 'thicko' patton's uniformed freemasons in melbourne. 🇦🇺 🇵🇸 🇦🇺 🇵🇸 🇦🇺 🇵🇸... when white australians protested peacefully in melbourne, patton's boys opened fire on them with rubber bullets from point blank range, yet the same low iq masons do nothing whatsoever, when a 'protected group' abuse them.",0.37751234
"nice mosque, señor raghead. too bad it's clearly a romanesque church, the rounded arches on that clerestory aren't fooling anyone.",0.1996317
how can real americans sit idly by if you witness this.  put down the fking phone n kick some raghead ass!!!!!  the “females” too!!!!!!,0.7998551
t. mohammed terroristseething camel faced raghead,0.6667219
brown handsdo not handle…proceeds to handledurka durka terrorist raghead,0.45090583
this times 1000x. shitskinned nu/pol/ will call you a kike even when you say you hate them both. they post memes where the raghead is depicted as a chad and often whites are mocked in the same vein.,0.5779532
"welp, that's one less raghead!",0.3666224
i hate a raghead!,0.5559701
"don't speak to them, don't interact with them and provide no services to them. then every black (man, woman and child) and raghead will leave europe and north america because otherwise they will starve to death. you cannot move an immovable useless object by being nice to it. you boycott it out of existence. not one bullet nor physical object needs to be thrown at them. you peacefully destroy it with a boycott. it's the most powerful mechanism every created against tyranny. blacks and ragheads are at the bottom of the food chain for intelligence. you cannot reason or negotiate with an organism lower than rats on the food chain.",0.53579444
is he being serious? he could not make his shilling any more obvious if he tried. i hope this glownigger gets curb stomped by a raghead.,0.73663366
media pretty quite on what happened at the protest yesterday in dc? 6/08/2024 waving this raghead flag but not this american flag,0.16245349
my favorite thing about the war in gaza is that i hate everyone involved so the killcams are good no matter if a raghead or a long nose tribesman is getting 360 no scoped.,0.44933176
these cowardly savage raghead supporters need to be rounded up and sent to gitmo now.,0.5972042
"ask him how it feels to be a failure then.

gaza will die, lebanon will die, iran will die and the western cucks who serve them will die at their raghead master's bloody hands.",0.60254884
check out the one sand/viggers raghead with his filthy mouth like real wide open!!!! betcha he like a yuge sweaty camel cock shoved in it that or a real bigly like pair of goat ball's-sacks????,0.7856813
"wah, the jooos lobby! go suck off ilhan bitch and wait for your raghead friernds to cut off your head, just like this.",0.88599813
"why does it matter?the guy is very clearly some insecure raghead who gets off on his own women getting claimed by white guys.he's so brainfucked by porn at this point that all he knows how to do anymore is spam the threads with that ugly shit that nobody even wants to see.he's been repeatedly warned multiple times about it, and yet the faggot still continues to do it.",0.8460273
"these are my sentiments exactly about the republickers party. they're about as chicken schitt as a wet limpy noodle when a doucheacrat walks down the halls of congress or gets anywhere close to them and in my imagination i can see them running away and hiding down the nearest convenient exit door.the repubelickers have been ball less chickenschitts ever since they capitulated and bowed down to that gay nigger president we had 15 years ago who is currently in the middle of his third term through the perverted puppet who is currently squatting in the white house. and by now the repubelickers are pretty used to getting their face to smeared in the mud ever since and don't have enough testicular fortitude to stand up for anything except the lobbyist dollars that fill their bank accounts.and it should almost bring tears to anybody's eyes to think back at all that was sacrificed to keep this country free and great as it was in the past before that gay nigger got elected president, and before the bush era of supporting the raghead terrorists eho despise america and individuals freedom.it's almost as if that gay nigger came along and cut the balls off of every repubelicker politician ever since he's been president and up to  today in his current role as puppet master.it's only my conjecture, but i don't think there's more than a handful of 10 or 15 repubelickers left in government who still want to go back to the old days when this country actually was kind of great and we cared about freedom and people's rights, but those days are long gone and likely never to be experienced by anyone living today, and likely never again if the current trends are not squelched.immigration in western european countries has exceeded anything that could have been expected. the sand niggers in their turbins and their womens gowns have overtaken the friendly european countries that we fought and sacrificed so much in world war ii to defend.and now of course we have an invasion in this country that's looking very much like what is happening in the western european countries for the last 10 or 15 years.and of course the one real resistance to that and the one person who stands in their way, and that is donald j trump and we know exactly why they're chastising that man and i'll be surprised if he lives long enough to be the next president.the nefarious powers that be have bastardized every principal and concept of the american constitution and legal system by persecuting president trump the way they have are in power now, and we the people don't seem to have enough balls or the will to stand up and push back against this, and that will be the downfall of this nation that was once the greatest shining star of freedom on the planet for individual rights and a successful variation of democracy rule.the intent of the garbage that has  infiltrated our government is clear  and they have allowed our open borders and allowed the nation to be filled with all of those lazy pieces of garbage from other parts of the world are who are too tired  to get off their ass and earn their own sustenance for life.and the doucheacrats rely on the ignorance of most people to not pay attention to what they're actually doing. for three and a half years now they have supported and encouraged open borders and illegal immigration into our nation on the southern borders just as the gay nigger did for 8 long years. but now that election time is coming close, they're going to act like they really give a schitt and try to put up the false front that they're going to do something about the open borders which we all know is bullschitt.and ending it seems to me after my 60 some years on this ball of dirt that we the people have lost the desire to be a free people and we have lost the testicular fortitude that saved the world in world war i and world war ii and now we're going to capitulate and lay down and let the garbage take over this nation and ruin everybody's life from this day on.",0.55739564
i don't think any of us would want to fuck our cousins for 1400 years you fucking cousin sheep kid fucker imbred raghead from the infertile desert,0.93383175
guaranteed the raghead b in congress has her fingers in this.,0.3286776
get every nigger and raghead out of europe and north america. for some reason the nigger can say nigger but the white man can't say nigger. bow to the black man all weak white men.,0.83334327
"unless this is something new, isn't that the same cop who literally tackled the guy _fighting_ the raghead right before the raghead turned around and stabbed him?",0.32182294
walk you raghead fuck,0.9248995
"i used to be like op years ago, defined a lot of eras of warfare as 'boring' or whatever. but in the last few years ive been listening to documentaries and videos about pretty much evry era in history and the warfare included, and i just want to say ever era of warfare is absolute kino in its own way, from the first recorded battle in the levant to the raghead vs jew shenanigans we have today in the very same area. it just never gets old.",0.19893374
low iq imported jordanian raghead stabs an austrian uniformed freemason in the neck from behind in vienna.  🇦🇹  🇦🇹  🇦🇹the stabbing took place on eu election day in the wake of the german police officer's cultural enrichment by an islamic illegal import.,0.45761138
"ralfy wrote: they&#039;ll probably resort to conscription, and start with immigrants. never! the european mindset is such as to protect the victim imported raghead and negro at all cost. the european is more than willing to die for the rights of the invader negro to invade.",0.62136006
"you don't get it right? developed nations aren't attempting to destroy israel, instead they are trying to stop them from stamping out whatever raghead herds there are left at gaza under the desperate belief they can still keep the illusion of ""the long peace"" and ""diversity"" afloat, israel has had for decades now the strategic capabilities to massacre every single one of their enemies with impunity, us and europe support or not, trash such as iran, the houthis or hezbollah live because for tel aviv there is still some relative advantages and profit at playing by the western ""international rules"" book, mudslime numbers mean nothing but human ashes. in less than 6 months one third of hamas is already dead despite playing every single dirty trick in the book and that is only because idf attempts to protect their own self-image, but the axe is already cutting the neck and rafah is next.",0.41910073
what exactly are we good atyuroboos are good for nothing. you can't can't even provide adequate semen rations for your raghead boyfriends across the pond.,0.52811706
"dougie and the raghead has something in common! the very first thing he thinks about when he wakes up, and the very last thing he thinks about at night, and every thought throughout the day. trump is the center of dougie&#039;s universe, forever and evermore!",0.32712606
the 2019 new zealand mosque retribution attack : that one time raghead shitskin muslims got what they deserved for attacking innocent white people.,0.6289369
i’m not a fucking raghead punjabi you filthy moor mudblood heathenthey’re too busy fucking chicksnigger we cant tell you manlets apart. you are just different shades of shit covered in different shades of shit.,0.96069145
i’m not a fucking raghead punjabi you filthy moor mudblood heathenhave you ever met a punjabi that can string sentence structures together like i can? they’re too busy fucking chicks to get intelligent. they were not bred to be intelligent they are the fighters.,0.9248995
" he knows that the second he says anything even remotely nationalisticputin literally said that ""our nativist russian republic muslims are so much better than the stinky foreigner raghead muslims"" in op's screenshot.that's nationalism, even if not the kind i want.",0.50789946
"their k/d has been something like 50 to 1. it's the same masterclass in raghead squishing israel is traditionally known for.but muh territorythey don't have the soldiers to permanently occupy all of gaza and police the population, and never intended to.",0.17718399
did this raghead really have the iq to pull of 911?,0.47119883
"""ra-5c vigilante said: view attachment 6010648posted and instantly deleted, something about frogurt the hutt or whatever that fat bitch is called.""look, i get it. she's a laughing stock. she's provided myself and plenty of others almost 1500 pages of humor. but i mean this: anisa, you are not helping yourself. you have the wonderous ability to fuck up totally, even when you might be right, but 90% of the time you speak, it's either wrong, or said in a way only a bpd riddled fucktard could. for your sake, log off or turn it off. you are burying yourself, and its pathetic. you won't though, so i'll laugh at you, but if you really want to be mentally well, instead of seeing a therapist constantly for years and burning your husbands rapidly depleting money, don't go online and see people post stupid shit that you'll respond to with equally or even stupider shit.""in conclusion: lol you're fat                click to expand... so she's a white arab who's always infilrated the white racist conversations now? i thought she was so muslim everyone called her raghead sand nigger all her life?? anisa_jomha_reciepts said:                         dane talks about how he was scamming the 7/11 employee by getting a $7 pizza for a $1. one day the guy who usually rang him up wasn't there and he argued with the manager about it. he ended up getting the 7/11 employee giving him a deal fired. dane was unemployed and hungry at the time after breaking up with his girlfriend so he was struggling. (yo fuck dane he's just like anisa/idubbbz, the employee was doing you a solid why the fuck would you snitch on him)""click to expand... ""swamp_donkey said:                         dane getting some poor wagie fired cause he was too fat and obstinate to pay full price for 7/11 pizza is worse than anything ian or anissa have done.""scumbag.                click to expand... jesus christ, how can you be this retarded to indignantly argue that you should get some special price with the fucking manager because some guy hooks you up sometimes? and not just like, come back later when he might be there??? d_tractor said:                         ""it costs literally millions. it's a 20,000 seat arena"".""note the bottom line after ""rental rates include:""                                         ""view attachment 6035628""click to expand... lmao, i love that anisa is so retarded she not only overlooks that tih can easily verify this info, she also thinks it sounds believable that a 20,000 seat venue would cost millions to put a show on in, you know a show that would generate probably <$1m in ticket sales... anisa_jomha_reciepts said:                         says if the internet/youtube doesn't work out, they're going to move back to edmonton and take up trade jobs (i thought sexwork was paying the bills??)""click to expand..."" ""god i would love to see them attempt a single hour of any manual labor, especially a skilled trade...",0.687436
"some months ago i was walking home from the pub and some raghead showed me his machete when his friend bumped to me on purpose. nothing came of it, but it's fucked how brazen these animals have gotten.not migration background kids either. i think its become normal now to carry a knife.here carrying has always been normal, but mostly as a fishing tool or something to that effect. now even native kids are carrying bladed weapons (to school no less) to protect themselves in the worst neighborhoods.",0.4645176
collapse of the dollar sure would. those raghead fucks only come here to make dollars.,0.75208336
"so who caused the highway of death?that name was stupid. most vehicles were abandoned and casualties were light. idiot reporter who cherrypicked burnt raghead was exactly what the media wanted, but look at the overhead shots. there are very few destroyed vehicles relative to abandoned vehicles. if there were mass casualties there would be evidence like mass graves and efforts to return the dead to their relatives.",0.6744087
"suppose that officer had just arrived on the scene and had no idea what was going on other than that there was a stabbing. look at the people. most are white aryans. one is a shitskin raghead. this tells you with 99% certainty who the aggressor you should go after is. at that moment, it's not about politics, it's about common sense and survival. that officer got naturally selected out of the gene pool.",0.47323486
that’s a gay cracker you disgusting raghead/kike/cracker,0.9061063
kike bitches love getting raped and think raghead women would too. who cares cracker? dumbass spic. why does she look like a gook?,0.9248995
typical non black animal. just wash it you filthy cracker spic raghead dothead gook kike tonto.,0.8460273
nice link and your pic looks legit. raghead terrorist,0.50789946
"carpet bomb all those raghead, sharia-loving c*nts!",0.8115627
wipe every sick goat fuking raghead off the earth.,0.83334327
"american boomers do the same shit, i used to think it was because most of the generation grew up on watching movies featuring cowboys or whatever the fuck and just think miming moves from a john wayne movie is real fighting, but when you see it's clearly the case across nations who knows ngl i don't care enoguh to go save some but go on k or probably even this board and you can find hundreds, unironically, hundreds, of videos from probably the last 3 months of your countrymen pissing their pants trying to run away from drones and then doing the raghead shuffle after their legs get amputated below the knee by one",0.76523775
eat shit raghead lying @$$ sand/viggers bitch!!!! ain't never ever been no fucking palestine period.....,0.968226
"fuck dizzyland!!!! told the mrs. way back in the late 1960's / early 1970's when they built that dizzyland and later dizzyworld up!!!! they hired all them fag's because they knew they no have no family and work cheap pay them fucking pedophile queers next to nothing barely enough to eat keep a real ghetto style roof over their heads!!!! plus promise them all the little plump juicy @$$ kids they could molest all they wanted!!!! honest! i never ever knew that orlando was so full of homosackuals until that muslim islamic raghead went off his nut and massacred a shit-load of them funny boys at that queer-nightclub there **pulse there in orlando!!!! here i had never ever been to dizzyworld nor in the city of orlando, never knew what a homo-haven that town was???? hello!!!!",0.9288007
"""homo for life returns said:                         bunch of illiterate pajeets are planning to protest in brampton to force extension of their visas.  come and show some support.                click to expand...""just look at their list of demands: i try not to generalize an entire race, but it almost seems unfathomable for so many people from one country to be so uniformly repugnant. i never thought i would find a reason to justify racism but here we are. babytap said: view attachment 6046591we’re cooked                click to expand...""""through no fault of their own"" yeah no shit genius. an expiry date means that as long as physics works, it will expire. it doesn't have to be anyone's fault that a temporary permit will one day become invalid. there is this sense of entitlement from indians (it says international students but look at the damn picture) that i don't think i've seen from anyone else. they seem to legitimately think that the student-pgwp-pr-citizen pipeline is their godgiven right, and anything that would interfere with that (like the passage of time and their own lack of any economic value whatsoever) is ""unfair"". look at how they frame deportation as some kind of fate worse than death. it's a very potent combination of stupidity and lack of self awareness.at least scammers from other parts of the world have some shame in the fact that their trying to scam their way into staying permanently, which is why they're typically under the radar. but not these guys. they're gonna demand that you change the rules to suit them despite having zero leverage. ""it saddens me that the govt doesn't see this massive display of stupidity as a valid reason to deport them now, just on the grounds of being too retarded to actually add any value to the country.  homo for life returns said:                         pajeet can't take over for shit.  they are too busy fucking each other over.  despite overwhelming majority in brampsingh, they would prefer a white dude ruling over them.""this is the same species that allowed britbongs and sandniggers to take over india.  don't ever think  pajeets are worthy enough to rule over themselves.  they got jagshit as their first raghead leader of a party. that's saying alot.                click to expand...""i said this in the india menace thread but people need to stop thinking this way. indians don't need to literally take over to ruin a country. they are on track to do it to the entire world just by flooding in and reproducing. look at the quality of people they are sending out. even if they never take over the country, do you want them or their children becoming the majority in any field? are you fine with a whole team of these retards carrying out a surgery? building your house? managing your bank account? hell can you trust them now to get you a decent cup of coffee?regardless of their competence, they are a real threat to any country that doesn't want to turn into a smelly lawless shit hole.",0.44573322
"go check desuarchive back then, to save you the time and effort the average raghead answer was something along the lines of ""we didn't give them permission to be in our land"", and yes, we are talking about unarmed tourists and menial foreign workers who basically knew little to nothing about israeli-palestinian conflict.",0.20102765
"""audit said:                         chinese taking over is too optimistic. those guys can kinda keep a civilization going and hate indians and blacks (plus non-chinese asians but the japs know what they did). no way they'll stick around and deal with a nation of pajeets and arabs. i think pajeets taking over is inevitable without pro-human action or an abatement of democracy.                click to expand...""pajeet can't take over for shit.  they are too busy fucking each other over.  despite overwhelming majority in brampsingh, they would prefer a white dude ruling over them. ""this is the same species that allowed britbongs and sandniggers to take over india.  don't ever think  pajeets are worthy enough to rule over themselves.  they got jagshit as their first raghead leader of a party. that's saying alot.",0.6020386
fuck them filthy fucking goat-scrotum licking raghead sand/viggers packastanleyian ham@$$ wild-bug-eyed bitches fuck them in their little fat camel-cock-sucking @$$es like beaucoup big league!!!! hey israel pork a few of them fucking bastards fo me while yawl at!!!!!!!,0.96069145
"post about alex jones and 9/11.  🇺🇸  🇮🇱  🇦🇫  🇺🇸  🇮🇱  🇦🇫alex jones speech after 9/11 where he blamed netanyahu was outstanding. he knew the score. then he dialled it back. even then that wasn't enough.despite the whole world now knowing that some peasant raghead in a cave in afghanistan didn't blow up the world trade centre, the hollywood jews continue to perpetuate the lie (mrs a. chose a movie called '12 strong' on racemix last night). in this 2018 movie, after 9/11 chris hemsworth is sent to afghanistan to hunt for bin laden, because none of the us satellites could locate him. except cnn who just casually rocked up to interview him in his afghan cave.",0.36095104
"fuck this jelous jew hired raghead, he belongs in syria or iran",0.93383175
"im a bricklayer!!!!👍 a any builder working for that raghead kunt should lose his legs....f..k them. dont work building them. but, all the illegals will build them 4 shit money.🤬🤬🤬🤬 civil war needs to come. bulldogs v ragheads🪓",0.78855824
no fear! fuck these ccp gook slave soldiers and the raghead goat fuckers! bring it on you cowardly demons! american patriots will gut you like a fish. let that 1776 fire burn in your soul patriots.,0.9288007
"by fires you mean germans prostrating themselves before their raghead lords, right?",0.47119883
marathonmike said: screw raghead raskin. did he take over head democrat douche bag from adam schiff? yes,0.45761138
f...king raghead freeloaders🤬🤬🤬,0.60311776
"used to be quite a ""polock"" enclave until them fucking raghead sand/viggers took it over some times back????",0.687436
.357 bullet for the raghead!,0.50759226
"i don't have it at this device, but picture some bratty blondie bimbo spewing /chud/isms and then presenting her legion of followers who will save the white race which are the sort of guys you will find at some latam weaboo convention right up to the dbz worship. i think it was the same artist who did that one of that black haired bitch beaten by some raghead telling her to shut it because women aren't suppose to speak in public under traditional shariah.",0.584095
"because i don't have existential doubt about enemies, and enemies deserve my respect, because i am not a pussy.if you think lack of religious belief comes with a card that says i accept all the rest of the moronic leftist shibboleth you need to think again.you can be a raghead or a nigger, or you can be an upstanding arabic or black person. the choice is yours, but once you have made that choice you don't get to dictate how others determine and label your behavior.",0.61223894
"you are indeed a pussy though.let me explain as a fellow atheist.so, both of us have enough logical ability that it is easy not to believe in the mythology.however what you lack is the ability to compare your lifestyle to theirs.religious conservatives are generally good hardworking people, precisely because they don't burden themselves with existential doubt.let's face it, existential doubt is a waste of your fucking time.if limbaugh is mad at ragheads because they blew up their own people, what business is it of yours to take the side of people that would kill you anyway? do you have existential doubt that you are white too and there really do exist out there people that would rob you of everything you have and kill you? do you have existential doubt that the piles of white infant corpses murdered for convenience totally eclipse all wars and most plague combined? do you have existential doubt that hr companies across the country are being told to hire anyone but whites and whites are purposefully being demoralized across all media and politics?oh not me, i'm a free thinker, and will spend my time trying to undermine and fracture their culture because i know better, even though they are raising the girl i want to fuck and have all their practical bills, lifestyle etc sorted but i'm better, my marvel comic told me i was enlightened while i huff vape and get fat at my retail wage slavei know this is most likely a larp, but it is based on real euphoric fedora attitudes that are just as dumb as every other position on the left.pro-tip if you're going to criticize a religion, which also includes a philosophical approach to lifestyle, you'd damn well better have the solution to the better lifestyle to replace it or no one is going to listen.it's easy to look at the products of leftist lifestyles such as george floyd and instantly know most atheists are full of shit.why the fuck are you saying the word raghead",0.8115627
mutt niggers and a raghead mexican the absolute state,0.85173553
"the raghead rocker, then.",0.11347008
raghead raskin graduated from the nanshee pelosi school of wrap up smear,0.24603334
go back to fucking a goat you raghead.,0.96426713
"the fucker who did the tackling is an afd faggot, raghead was doing the world a favor shanking a zigger like that",0.9391453
mad how wog stabbings are literally just a daily occurance now. everytime you go on the beebs or twitter you'll see some raghead having a meltie and attacking someone. cannot understand for the life of me why people aren't do upset about it and why - if they are - the anger is never directed in the right place.,0.2855005
"oh, horse manure. those people are ragheads and raghead sympathizers, and they hate jews for the same reason they always have- because jews have more than they do. the israelis aren't murdering ""palestinians"" but i think they should. that's just like spraying roaches to me. the fewer people practicing the religion of piss the better.",0.60311776
"post number of major terrorist attacks on us after the afghans got stomped.post raghead k/d ratio.the taliban wish they ""lost"" like us.",0.33587718
"raghead, the boomers own your asses.",0.8252207
"marathonmike said: screw raghead raskin. did he take over head democrat douche bag from adam schiff? no, schifftard is still the head asswipe.",0.71760553
"unironically decreasing your chances of survival out of fear of the lawwhat's the point of survival if you end up killing the raghead and you end up in a raghead controlled prison where you'll still end up dying?unironically not immediately leaving the scenesure in an ideal scenario you'd fuck off, but also in an ideal scenario niggers wouldn't exist, so your entire point is moot nurse told me it was a puko or something like that",0.6588125
taser the raghead kunt🤡,0.64447093
"raghead muzzie fuck bastards! 

versus - cucked out liberal fuckhead whites!  -  exactly!",0.9248995
"let me guess, raghead. these two groups have been killing eachother for 50000 years. oi vey already.",0.3389984
"what are you gonna do about it, raghead hamasboy?  equal but separate.  not a goddamn thing you can do.",0.6027529
"hey i ain't no yuge fan of them fucking mo'nay / shekel grubbing fucking hebrew's!!!! but all the same i am still enjoying watching them shoving that yuge red hot! flaming kosher **kishka way way up them filthy wild-bug-eyed goat-scrotum licking raghead sand/viggers fucking packastanleyian's @$$ like beaucoup big league!!!!!!!!! baby!!!!!!! here these fucking ignorant @$$ fucking hebrews and muslims can no gets it that us ""gentles"" we no gives a fucking bald camel's @$$ about neither of yawl bitches!!!!!!!! period.... nada zilch none zero!!!!!!!",0.9288007
"if 20 million jews and sand niggers were turned into nuclear plasma this afternoon i'd make a meme about ittoo bad for the iranian raghead as the american university student is about to be redirected into the little known jewish holiday, pride month. so the dismembered babies of gaza will have to wait  till julythe best khamenei can hope for is a few mid month one off leftist self immolation's*obligatory meme is obligatory*",0.6027529
"because he's not some retarded boomer down at the walmart muttering raghead under his breath when he sees an asian.well yeah, he'd call them a bugman.",0.5885171
because he's not some retarded boomer down at the walmart muttering raghead under his breath when he sees an asian. he would behave more like a serb during the bosnian war.,0.5559701
allah who fuck bar fucking raghead cunt 💩💩💩💩💩💩💩💩,0.968226
"**lmao fuck all of the fags and retards who support the raghead palestinians**  the muslims are fags who want to destroy the west and implement sharia everywhere. they want to conquer every non-muslim country. i support israel bombing the terrorist goatfuckers in gaza lmao.   it's funny how cucks here that simp for the ragheads say ""reeeee muh israel and joooooz"" are now on the same side as purple haired soyboy antifa tranny faggots.   have seen many retards on here use the same 'muh genocide' language as far leftists like ilhan omar and aoc.",0.944597
"please post the last time some raghead organization managed to execute a large attack on a western nation.money well spent, kiddo.",0.21776234
fucking stupid waste of american taxpayers mo'nay!!!! here the israelis are feeding them fucking filthy scumbag raghead sand/viggers packastanleyian goat-scrotum licking bastards bagel's &amp; cream-cheese everyday!!!!,0.968226
trusting raghead news sources,0.1373533
——even raghead women wear chinese checkmark shoes.——,0.27412915
raghead flambe’!!  love it.,0.21642438
not without a holy war raghead.,0.30439767
"fuck you raghead cunt. don't being a knife to a gun fight, faggot.",0.9749944
"israeli tanks seen in central rafah for the first time, eyewitnesses sayfrom cnn’s ibrahim dahmanisraeli military tanks were seen in central rafah on tuesday for the first time since the israel defense forces (idf) entered the southern city earlier this month, two eyewitnesses told cnn.a rafah resident, alaa abu ibrahim, told cnn that israeli tanks were seen in al awda roundabout in the center of the city.another rafah resident, salma alkadoomi, said she saw israeli armored vehicles in the downtown area of the city near the abu hashem building.“these vehicles advanced in the middle of the night,” alkadoomi said.the sighting of tanks comes after israel launched a missile strike on a displacement camp near rafah, killing dozens and prompting international calls for israel to abide by the ruling of the international court of justice, which ordered israel to halt its offensive in the city.&gt;&gt;&gt;&gt;&gt;&gt;&gt;&gt;&gt;&gt;&gt;&gt;&gt;&gt;&gt;&gt;&gt;&gt;&gt;&gt;&gt;&gt;&gt;&gt;&gt;&gt;&gt;&gt;&gt;&gt;&gt;&gt;&gt;&gt;&gt;&gt;&gt;&gt;&gt;&gt;&gt;&gt;&gt;&gt;&gt;&gt;&gt;&gt;&gt;&gt;&gt;&gt;&gt;&gt;&gt;&gt; those idf are in there porking filthy piece shit raghead sand/viggers ham@$$ goat-scrotum licking wild-bug-eyed packastanleyian terrorist bitches in the @$$ like beaucoup big league!!!!!!!! but to the idf's dismay the little camel-cock-sucking little packastanleyian queer @$$ faggots love it and beg / plead more! more!! more!!! more!!!! geesh!!!! mazel tov!!!! oy vey!!!!!!!!",0.04760506
"give it your best shot, fucking raghead",0.911035
jaskirat singh sidhua sikh turban raghead. these sikhs cut their hair but their dirty characters will always reflect their dirty actions.,0.50503236
"one can rest assured that the vast majority of them raghead sand/viggers @$$ packastanleyians fully supported them wild-bug-eyed **ham@$$ terrorist goon thug @$$ bitches!!!! so like me's old yiddish grandmother used to always say """"if yawl lays' down with fucking **ham@$$ bastards good chance yawl fat packastanleyian @$$ might wake up """"dead"""" bitch!!!! """"dead""""!!!!!!!!",0.91625386
"who wants to take our ""freedom""?  the guys with ""weapons of mass destruction""?  some sandal wearing guys living in caves?  maybe it's the guy with the crackhead son, taking bribes from ukrainian energy companies a few states over.  signing up for this type of job should be an absolute last resort for young people.  their parents should steer them elsewhere!  getting shot in another country by some raghead goes into the dumb ways to die category.",0.568186
"chechnya is a raghead jihadi terrorist hangout, dipshit. russia has had to crush two separate uprisings of the goat fucking muzzies over there in the last thirty years. wake up and smell the jew behind the narrative 'let's you and him fight'.",0.8540474
no fuck those raghead motherfuckers,0.96069145
"i really don't get how people can support the kikes at this point. don't get me wrong that entire area should be glassed and i don't care that some raghead is dying, but i can't fathom how people can make excuses for bombing refugees.",0.43230394
all religions are shit but christianity is the best. christians aren't beheading people in the streets or mass raping on christmas eve or suicide bombing busses filled with school kids or throwing faggots off rooftops. nor are they maliciously subverting every western institution to turn the entire world into a bunch of vassals. i'll take a christian anyday over a kike or a raghead,0.8364697
find out the address of every democrat congressman and senator and send them a couple thousand of these raghead terrorists for their neighborhoods. let them feel the consequences of their actions.,0.37955463
"why does everyone want to take this raghead out,all it took was god. hes always been there for them.67 war comes to mind, read what the egyptians saw as they ran away scared out of their small minds.",0.4269174
i think a lot of these here mooslime raghead sand/viggers are really truly pissed off about is because old dementia boy is refusing to cut them in for a slice of his 10%-for-the-big-guy graftarooni????,0.5716857
t. raghead singh posting from surrey or bramptonfilthy animals the lot of you are,0.47886392
"we have a uni-party here and voting is fake and not real, fuck trudeau, fuck the raghead, fuck pierre, fuck max all a bunch of cocksucking faggots",0.944597
pajeets are invading my bumfuck city its so over i saw a raghead one today for the first time,0.7252971
"seems to be south africa but lets go a step further and talk about the usa for a sec maw, you just described antifa/blm and the raghead supporters too... i wont go into detail and have no vids because we dont advertise but lets just say they are glass jawed and scream dial 911 a lot ... :alexjoneswant: :merica:",0.2854971
"the world got tricked that their nobles were the greatest evil and let their hands get tied by even more despicable characters. and i don't mean just jews. it isn't that simple. we're even ruled by fucking clowns. entertainers. those are the new feudal lords. and in short time, they can't even get a handle on basic shit that makes a civilization run. all balances and unspoken social contracts that make any life worth living. it could be that this is as shitty as living under ancient china or pharaohs, but not europe. maybe even worse. the chinese serf didn't have to smell a pajeet everyday or worry that his daughter would get raped by some raghead.",0.68408644
go back then raghead monkey,0.6289369
lies. theres camel urine for sale at the local raghead grocery store,0.2763787
"totally agree, fuck the evil raghead, let’s kill all of them",0.9248995
raghead cunt!!!,0.8540474
"a disgusting fat nigger found a blind and deaf white bitches bvllftfy cracker boi, stay mad spic/gook/raghead/dalit/raghead  terrorist",0.9563754
"many abandoned the religion because of idolatry and corruption, but are now jealous of muzzies and jews because of their raghead dress code and trinket anal beads and are like “oooo culture, we want that too” so now you have strip mall churches and mcdonalds christianity",0.52811706
fair point quoting: anonymous coward 87200009 it&#039;s not a fair point but a lie since in ukie constitution... it&#039;s written that elections can not be held during times of war ffs quoting: anonymous coward 87219565 shut up raghead. quoting: brainguy: q* stfu queer with your lame shilling propaganda those are the facts and you don&#039;t know nothing else than to just spam and insult little m...,0.68408644
fair point quoting: anonymous coward 87200009 it&#039;s not a fair point but a lie since in ukie constitution... it&#039;s written that elections can not be held during times of war ffs quoting: anonymous coward 87219565 shut up raghead.,0.6308517
"because they were the major catching/breeding grounds for arab slavers, all they needed to know was ""follow raghead""",0.3317266
"and to that bullshit, here is one of your raghead friends eating human flesh.",0.8629672
gutless bastards and cowards. you deserve to live in raghead land.,0.85333383
against raghead mudslimes that would immediately kill or convert us all if they could? abso-fucking-lutely i dothough keep in mind that i also support genocide against israel which is behind damn near every single conspiracy to fuck over and weaken the west through social manipulation and money-jockeying,0.8115627
"basically the first thing he does in the game is disobey his orders. he was supposed to recon the area and retreat if he encountered any hostiles. instead, he goes in mowing down any raghead in sight. everything after that is just walker retreating deeper and deeper into his own delusions because he desperately wants to be a big dick hero.",0.5721988
"benji nettanyahoo replied, once he pulls his yuge red hot throbbing flaming kosher kishka outta them filthy raghead sand/viggers goat-ball-sack licking packastanley ham@$$ @$$!!!! then he is gonna fly over to berlin and let them fucking german basturds lick it clean off for him lick it as clean as a whistle!!!! bitch!!!!!!! ha!~ha!~ha!~ha!~ha!~ha!~ha!~ha!~ha!~ha!~ha!~ha!~ha!~ha!~ha!~ha!~ha!~ha!~ha!~ha!~ha!~ha!~ha!~ha!~ha!~ha!!!!!!!!",0.8629672
look at that ugly cave bitch cracker. death to all crackersoids including raghead terrorists,0.944597
there's another fucking raghead that needs to be put down,0.85850734
"they are wrong of course, hamas is no better or worse than fatah, islamic jihad, muslim brotherhood, hezbollah, al aqsa martyrs brigade or any other bunch of raghead terrorists.

they all need to die, from xinjiang to senegal, they all need to die.",0.687436
women raghead drivers are bad toodriving landcruisers or vans 100kmph down 50km streets looking like a letterbox lmao,0.47323486
"their response is justified though. when a raghead attacks you, you kill their family and soak them in pig blood. i don’t care if it’s america, europe, or kikes, this is how you deal with mudslimes.",0.6289369
fuck you sick ass raghead. eat lead!,0.968226
expecting a raghead to be consistent and truthful,0.36095104
the raghead kunt dont need the hassle.go hide in your expensive bunker in india you gutless p..ick. your not english and u never done f..k all to stop your mates arriving  on the beaches. ur useless🤡🤡🤡,0.8460273
fuck these raghead terrorist loving filthy pedocrats.,0.96426713
so???? no make a no a difference! here that truly great world / global leader israeli prime-minister benjamin nettanyahoo has clearly stated that he'll continue to fuck wild-bug-eyed scumbag filthy goat-ball-sack-licking raghead sand-/viggers ham@$$ packastanleyian bitch's in their fat @$$ over in the gaza until the fucking cows' come home!!!!!!!! ha! ha! ha! ha! ha! ha! ha! ha! ha! ha! ha! ha! ha! ha! ha!~~~~ha!!!! gots to love that bebe such a kidder such a keen cents of kosher humor???? mazel tov nettanyahoo and bebe fuck a couple of them for me big guy!!!!!!!!,0.88599813
another raghead??,0.3561489
"accuse that in which you are guilty ofis being a leftist a crime though? i’ve met some alright lefties and that is to say that leftism is even a thing, which it isn’t, and i am neither.anyway your conclusion is wholly insane and irrational, nobody could ever duplicate that conclusion given the information provided. to give you a frame of reference where i stand politically, you are the same raghead that calls me 10x a day about medicare because the verizon guy i crossed was a kike and sold my number to you…. now, who am i?",0.42129645
"what a presumptive asshat this raghead icc setup is. they took it among themselves to house and create a court they call permanent the internationsl criminal court that the globe has to listen too? bullshit. the icc prosecutor in the dock: karim khan yet another socialist muslim wrongly seeks netanyahu arrest warrant and may sink his own court while international criminals like the clergy of iran funds terrorists worldwide, klaus schwabe the wef homo, barry sotero the 1st installed illegally ordained 3rd term squatter in the not so white house. on top of this crap the netherlands was instrumental in aiding nazi party escapee's out of europe into south america by the score, so you have a false flag court, headed by a muslim prosecutor, seeking arrest warrants for christians and jews, regardless of the dutch jewish killed by the ss nazi's during wwii.hollyweird could not write this shit...just another 'power grab"" enlisting the weak minded gene pool crust, as well as those having no balls to fight corruption worldwide.this entire coming conflict is shaping up to be not a russia v america fight but a religious ideology cleansing attempt by muslims cleric's, socialist/sympathizers, 3rd world shit hole dwellers believing they will be vindicated for all manner of fictious crimes against them by caucasians and christians. christians best get a grip on the coming crusades reminiscent of medieval global strife.",0.6289369
"do not speak to or interact with any african or raghead (man, woman or child). the african and raghead kids grow up to monsters. they have no place in europe or north america. make it impossible for them to exist and they will head back to the s***holes they came from. protesting is futile... boycott them out of existence.",0.6863638
"they are going to jump the fuck out and run.what do us abrams crew do in that event? (citation required)by what experience do you presume to speak for trained tankers?the system wasn't just pulled out of someones arse. both testing and combat videos exist.unprofessional raghead tc bails, driver remains controlling the tank. had the doors failed driver would have roasted as would the tc before escaping. test vid:",0.74954444
he's just another raghead they can replace with any mop.,0.4394682
also a raghead shot with a bullet dipped in bacon fat... or a raghead drowned in lard... or a raghead jammed up a sows ass for a few hours... swine bone knives were made for one purpose. to stop dead moors from going to their moorish heaven with 72 virgins after being dispatched.,0.54325575
another worthless raghead masquarading as a white southern female...,0.65996873
"exactly who the hell listens to anal clooney? going to hold a ""war crime tribunal"" whereby the friggen raghead terrorists funded by iran, the poor babies, do not get tried and hung?these people with made up credential are in love with themselves, be nice if the mousad paid these asshats a 2am vist to ""talk"".",0.6852916
why is this raghead bitch in office here,0.8778702
"how's your jihad against europeans doing now you worthless raghead fuck?thisfuck mudslimes, kill em all",0.96426713
i love seething browns makes my uncircumcised peepee hard to see ragheads die. how's your jihad against europeans doing now you worthless raghead fuck? nice truck of peace the israelis are burying you in.,0.8364697
raghead moron,0.78207105
fuck off raghead get the fuck out of our country then u pile of shit,0.9749944
"aww, your angry raghead terrorist arming buddy had his helicopter fall down and go boom.

who wants to die next?",0.47772613
"h - sh =  raghead pedo with yet another name on minds ..btw the faggot reps don't censor this scum, isn't that odd ?",0.8460273
the world is a big place after all. some raghead dying in the dustbin can only do so much in such short time.,0.4014846
the iranians tried to get free from these fucktards leaders for years. bullshit. who is pushing that this is a bad thing? the iranians are free from the tyranny. fuck these raghead radical faggots. glad they died.,0.9391453
be backwards retard sandnigger ragheadhelicopter malfunctions because it was built by backwards retard inbred sandnigger ragheadsblame the other species of semite sandnigger for the accidentspark nuclear war (hopefully)pls annihilate each other already thx,0.85333383
big whoop. they'll find another cringy raghead to take his place. he wasn't even the supreme raghead.,0.3827457
"the best part is we may never know whether it was glowniggers that killed him or if it was genuinely just sandniggers being dumb fucking cavemen that can't maintain modern equipment, either way get fucked raghead lmao",0.9288007
a rightly sounds to me like that there israeli mossad commandos' done snuffed out another one of them there big shit iranian raghead sand/viggers bitches like beaucoup big league???? i no care what anybody says that there is a good thingy!!!!!!,0.78207105
israeli special forces take down iranian president's helicopter?they knew the flight path of return. they knew the weather forcast was ifr. they got inserted into a few select mt passes in iran along that return flight path. they powered up a few gps miji (ew) devices ...... poof .... another raghead enemy bites the dust,0.3389984
israeli special forces take down iranian president's helicopter?they knew the flight path of return.  they knew the weather forcast was ifr. they got inserted into a few select mt passes in iran.  they powered up  a few gps miji devices ...... poof .... another raghead enemy bites the dust,0.36456755
noooo why isnt the entire world aligned with israel nooooofuck off. when a raghead dies it's always a good day.,0.85173553
"wonder how they'd feel if modi suddenly imported millions upon millions of niggers into their ""kalistan"" homeland and fully displaced their raghead shitskin brethren.
the city i was born in has already had its population completely replaced by these motherfuckers. they all need to go the fuck home.",0.8540474
"i'm still fit enough to shoot, and ornery enough to stomp a mud hole in a chinese communist, raghead or cartel member if necessary.",0.6491204
"he was a raghead not a kike retard, he said a few true things the rest were stupid leftist radical bs. ps hitler did nothing wrong faggot!",0.8696708
"brennan speaks fluent noodle (raghead, islam language).",0.11388343
show that bussy for nick tha spic faguentesdirty mutts. a raghead and cracker this mad for a homo,0.8115627
you will never be canadian.you will alway be a syrian schizo immigrant. you will always be a raghead.,0.584095
"indian suella braverman (who never washes her hands after taking a shit) and gbjews patrick christys question ""pro palestine"" protesters camped at cambridge university.  🇬🇧  🇮🇳  💩  🇵🇸  🇮🇱  💩even raghead sympathisers don't want to be seen talking to an imported pajeet.",0.5721988
they promised vengeance for mighty puccia hitting their power grid with raghead drones a few months into general copegeddon's ill-fated campaign. it's now beginning to come together.,0.16765249
sandniggers snuff out innocent cow: raghead shitskins murder innocent cow. islam religion of peace. #muslims #ragheads #shitskins #middleeast #semites #mongoloids,0.88599813
"this would have worked so well at /r/palestine.i say kill more of these raghead thugs, and then send the rest to re-education, if there is one thing china did well was rounding up their own towelheads and breaking them into something more useful for the world.",0.5716857
said some raghead.,0.37751234
"wow that's some serious research! it explains a lot! add that perv sorros pays em and think the dots are connecting. som-all-ea always gave me the crreps, since i always trust my gut i know why! hmmm i wonder if that inbred raghead broandunclefockin illegal witch omar is from there?",0.50789946
"u.s. dentist calls for jews to die, now faces serious action  this fucking raghead of his license and deport this fucking terrorist now! every patient, until his license is suspended, should cancel all appointments and bankrupt the fucking pig! by the way,mutherfucker, allah is a fucking pig and a false god! may all the pigs in florida surround your existence!",0.9248995
"should do the same to every raghead in the city.

..",0.25462922
"""hardline traditionalist said: 			let me guess, the raghead mocking western values such as freedom of education for women doesn't live in an islamic shithole, but instead in the degenerate west, am i right?		click to expand...""of course, it's our boy daniel haqiqatjou.  your browser is not able to display this video. ""edit: tossing in this one too. i don't really have a folder for this shit, i usually just go hunting for clips i remember seeing when i need them.  your browser is not able to display this video.",0.5716857
"""the deep state said: view attachment 5991291view attachment 5991293 					 ""click to expand...""let me guess, the raghead mocking western values such as freedom of education for women doesn't live in an islamic shithole, but instead in the degenerate west, am i right?thread tax: ""your browser is not able to display this video.",0.49139655
"failzero said: yo you could barely fill a division 3 college football stadium with real committed white supremicists , you could fill 100 los angeles memorial colosseum sized stadiums with the recent lot of joooo haters on the far left &amp; left correct. but that&#039;s only what we see. millions of americans who oppose these raghead creeps are silent, and let the cops mop them up.",0.4850187
"ken o'keefe with sheikh imran hosein, a wise wise holy man that i have been following since 1991.  ken wholeheartedly allies himself with islam in this war against evil we are all embroiled in. i reckon this outstanding video will cause me to lose some more ""raghead"" ""camel jockies"" ""sand nigger"" haters  so be it.",0.47886392
"so???? everybody knows, that for every israeli murdered on october the 7th 1,000 filthy savage barbaric raghead sand/viggers goat-ball-sack packastanleyian's must must fucking perish!!!!!! now lets see 1,200 x 1,000 = 1,200,000 sounds fair to me!!!!! uncle maury always said only good fucking packastanleyian queer @$$ fag bitch was a dead one!!!!!!!",0.9209984
this raghead looks like the goat that he fucks! 🐐,0.9209984
stfu raghead.,0.5885171
"whoa!!!! yawl has to watch the ""video"" here this goat-ball-sack chubby @$$ raghead sand/viggers dentist bitch sure no loves him no hebrew's like for nothing???? ha! ha! ha! ha! ha! ha! ha! ha! ha! ha! ha! ha! ha! ha! ha! ha! ha!!!!!!! he says loving hebrew's is like fucking pulling goat / camel teeth????",0.8778702
"don't care. fuck the kike, fuck the raghead. fjb",0.96069145
stfu pajeet ill rip the towel off ur head and use it to wipe my assholewhiter than thou shitdeep. and if you ever rip the rag off the head of a raghead just remember this; he's already used it thousands of times to wipe that curry sauce out of his hairy brown butt cracque and you'll be touching his leprosy infected filth rag. you will die of leprosy.,0.85173553
"fahk this raghead, now he's changing his tune?",0.57271194
watch the video!!!! them some mighty happy hebrew's any time they're fucking wild-bug-eyed raghead sand/vigger goat-ball-sack licking savage barbaric packastanleyian bitches in the @$$???? mazel tov to all me's brave courageous young *idf men &amp; women!!!! hey! fuck a couple of packastanleyian's fo me while yawl at it over there in gaza!!!!!!!! ha! ha! ha! ha! ha! ha! ha! ha! ha! ha! ha! ha! ha! ha! ha! ha! ha! ha! ha! ha! ha! ha! ha! ha! ha!!!!! oy vey!!!!,0.8988238
"raghead is such a great word, sounds good, feels good to say, and is really funny.",0.1537979
"you don't meet native women you fucking bougnoule raghead, go the fuck back and marry a woman of your own race",0.95048624
"dadoalex said: what makes anyone think they&#039;d listen? march 19, 2003 we said &quot;we lost.&quot; referring to iraq. they didn&#039;t listen, called us raghead terrorist sympathizers. when the homeland security act passed in 2002 we said &quot;we&#039;ve surrendered our freedoms to fear. the terrorists won&quot; they said we were terrorists. 2015 we warned them about trump 2020 we warned them about ignoring medical protocols ...",0.32182294
"... yes, obviously, these pitiful, raghead, palestinian creeps are muslim activists who...",0.64447093
"fucking raghead muslims, religion of piece, get guns anyway you can and kill the mother fuckers",0.9880789
"that ""raghead"" is going to be your children or grandchildren.  how are guns stopping school teachers from indoctrinating kids? because that's their plan. they going to promote islam to kids through schools and media propaganda, like celebrities and social media. did a gun help you when you were forced to wear a mask to buy groceries?   ""for we wrestle not against flesh and blood, but against principalities, against powers, against the rulers of the darkness of this world, against spiritual wickedness in high places."" ~ ephesians 6:12  they're plan is to use the administrative state to poison ""hearts and minds"" against us. guns won't help you in **spiritual warfare**.",0.3827457
you better bullet proof that raghead you show up at my house bitch!,0.85850734
detesting you hook nosed goblins doesn't automatically make someone a raghead you binary thinking zogbot faggot. we need to ban all semites.,0.7856813
"a poll from the pew research center in march showed that 58 percent of americans felt that israel’s reasons for fighting against hamas were justified. however, 38 percent of americans felt israel’s war actions were acceptable, while 34 percent felt they were unacceptable, and 26 percent were undecided.&gt;&gt;&gt;&gt;&gt;&gt;&gt;&gt;&gt;&gt;&gt;&gt;&gt;&gt;&gt;&gt;&gt;&gt;&gt;&gt;&gt;&gt;&gt;&gt;&gt;&gt;&gt;&gt;&gt;&gt;&gt;&gt;&gt;&gt;&gt;&gt;&gt;&gt;&gt;&gt;&gt;&gt;&gt;&gt;&gt;&gt;&gt;&gt; well dip me's yuge morbidity obese fat old lard @$$ in honey then plant it up high on the biglyiest fire-ant-hill yawl can find!!!! because i a reckons i be's in the 38% whom really truly believe endorse that *idf fucking raghead sand/viggers filthy savage barbaric goat-ball-sack licking packastanleyian's in the @$$ is a good thingy and the more the better!!!!!!! here yawl fucked-in-the-head wild-bug-eyed packastanleyian bitches voted / wanted them ham@$$ cocksuckers so now yawl gots em' so enjoy shit-head dick-faced motherfuckers!!!!!!",0.15711457
hurr durr zen yooousss imgooor you lying raghead shitfacei don't use gurgur and i don't have an account. and no i won't make an account just to please your angry ass  ---   because i went there as a tourist  kim's grandad btfo americans and japanaese. gorilla warfare at it's finest,0.8299589
then use imgur you lying raghead shitface,0.89241093
why you telling me for raghead?,0.2820025
"if i have to let my white women get fucked by shitskins, i'd sure rather you do it, arsedeep, than some stupid fucking niggers.",0.96069145
the ratio of whites to shitskins in russniggerland is easily 1:10. unless you're trying to convince us that asiatic mudslime shitskins are somehow white lmao,0.7701451
"yeah, enjoy having pence 2.0 and shitskins from india infesting america lmaotrump's second term won't be different from bush jr, because the clowns in america won",0.6544696
"""bcroger said: if a good looking white man goes to a country with non-whites/shitskins, he will be worshipped. if a good looking shitskin goes to a white nation he will likely get foids easily.""i think that foids like whats different/exotic. a chad who looks nothing like other men in the community are the most sought after.""click to expand...""good looking shitskin is betabuxxing at best",0.568186
"russia is literally owned by churkas now (from the bottom, by kikes from top)random retards on 4chan still happen to tell the stories of how ""ruski stronk, kill many churka"", despite it being wet fantasies at bestand that as a result leads to some random gullible retards on here believing that, for whatever reason. what's the point of making people believe a lie like this? ""pretend to be strong when you're weak""? going full chink? or is there a specific strategem and it's an actual psyop of some sort?why make randos on an imageboard believe that ruskies aren't getting (very quickly) replaced with shitskins of all sorts, just like the rest of any remotely ""white"" countries? to instill a belief that there's no need to do anything as ""it's fine somewhere at least""?""we're cool, we have tigers, i mean skinheads"". fucking lmao.",0.52272606
just like all the other shitskins like you poos.,0.83334327
who the fuck said smelly shitskins are aryans? shitskin is a shitskin caste.they are literally the ugliest caste of india next to smelly shitskins,0.95048624
"i haven't watched tv in over 10 years. my dad still watches fucking nascar like a religion and my brother is glued to rumble. 99% of media isn't even worth pirating anymore. it's literally just kikery, loxism, faggots and, shitskins dancing on the pyre of civilization while shitting on the people who built it and gave it to them.",0.7675452
"for men has always been the family and women had meaning in raising the kids. with the time women have if not working, they could learn things to then teach their kids.   they bought into the feminist jew notions that goyim women should work and meaning is going into dept for jewish college degree, it clearly did not work because mens wages fell to the floor, foreigners dropped white men out of all the work that used to require crews, education is nothing but a scam working for corporations makes you subject to the jewish ceo dictates.   life in the west has been ruined by stupid notions about ideas over civilization.  when you walk around los angeles you see buildings that were built unmistakably by white people and then you see crowds of nonwhites everywhere and you hate it with a passion but there are no white people around to talk to about it.  nobody, nowhere.   something very very stupid has been passing in our society as good ideas and it is not good at all, none of it.   why are ugly shitskins doing so well all around us and the only white people you see in la doing well live up in some hills?",0.3827457
"yes, but for some reason (((people))) are now advertising this place as a tourist hotspot for shitskins to parasitically settle upon.",0.568186
white women get with shitskins because they think theyre exotic or of limited supply (in white countries)this exoticism will wane as the invasion continues,0.64447093
shitskins apparently,0.61223894
so called superior whites when shitskins storm their country and rape their culture and women,0.7761081
"no shit./nupol/ is just a bunch of shitskins, muslims, libtards and glowies whining and coping at this point.",0.911035
"the country is just going to shit. all the shitskins, niggers, trannies, and jews have all the money. normal white people are heading into the woods. when they are gone, everything will completely collapse. niggers build nothing.",0.90451443
"daily reminder that pajeets are sentient bioweapons meant to destroy western civilization along with other shitskins. just because they aren't violent, does not mean they don't want you dead.",0.52139956
"anyways im done w/these 2 shitskins larpin as whites when i only asked for helpnever believe niggers that cant even post hand w/timestampsand if you think they are white they arent after i proved my skin color, crab bucket shit",0.8778702
"how is it projecting? it's literally the exact logic used by all the russian worshipping shitskins on /pol/if you have none, maybe it's a bad idea to take further steps.lol it's incredible how /pol/cels spend all day larping about being brave nationalists but when it comes to democratic nations defending themselves all of a sudden it's ""noooo they should just heckin surrender on day 1 to those mongoloid bugpeople who die for their billionaire jew oligarchs""",0.57271194
"you’re all the same disgusting subhuman brown. fuck off and die you filthy shit skin. no one wants you here, and if you hate us so much then fuck off back to your third world toilet bowel of a country. you animals have utterly destroyed this once beautiful country in less than a decade. shitskins are not human beings, you’re filthy fucking animals that don’t belong in civilization.",0.968226
"awareness has already spread about the problem, i dont know if a solution as drastic as you suggest in necessary. they are already starting to burn down these invasion centres that house the shitskins, awareness is also growing incident by incident. everyone knows the mudslimes are beheading our sons and stabbing/raping our daughters. its snowballing and will not stop, i think the real question is will the shitskins be somehow show enough to show restraint until they have the upper hand demographically. having watched the documentary, i dont see how the civilian populous would get access to that kind of weaponry and explosive, semtex? anti tank mines, surface to air missiles? those days are over, the government has too much control. shotguns and hunting rifles though? some man made explosives? should work all the same. i should also say that this modern enlightenment regarding the globalistic miscegination plan is also fairly recent, a ~decade old for most. in two or three decades when the problem is 2 or 3 times worse, i honestly think you will start seeing resistance and counteraction.",0.5559701
"eh, we need to leave israel anyway and killing shitskins before we go is pretty fun.",0.75208336
waaaaaaah only shitskins hate muttmerica lol kill yourself already you pathetic muttoid with a vpn or mutt simp.,0.9288007
"mods sticky 23 rd april 2024 big stuff happening in uk this day ..we either die on our collective knees or stand up ! no .. no moarr !get rid the shitskins and kikes deport all based wonder be low what's he that wishes so?my cousin, westmoreland? no, my fair cousin;if we are mark'd to die, we are enowto do our country loss; and if to live,the fewer men, the greater share of honour.god's will! i pray thee, wish not one man more.by jove, i am not covetous for gold,nor care i who doth feed upon my cost;it yearns me not if men my garments wear;such outward things dwell not in my desires.but if it be a sin to covet honour,i am the most offending soul alive.no, faith, my coz, wish not a man from england.god's peace! i would not lose so great an honouras one man more methinks would share from mefor the best hope i have. o, do not wish one more!rather proclaim it, westmoreland, through my host,that he which hath no stomach to this fight,let him depart; his passport shall be made,and crowns for convoy put into his purse;we would not die in that man's companythat fears his fellowship to die with us.this day is call'd the feast of crispian.he that outlives this day, and comes safe home,will stand a tip-toe when this day is nam'd,and rouse him at the name of crispian.he that shall live this day, and see old age,will yearly on the vigil feast his neighbours,and say ""to-morrow is saint crispian.""then will he strip his sleeve and show his scars,and say ""these wounds i had on crispin's day.""old men forget; yet all shall be forgot,but he'll remember, with advantages,what feats he did that day. then shall our names,continued...",0.5885171
shitskins still seething,0.6342749
"it's unironnically over if trump loses the election. if he takes the l, i'm moving to nz, and buying a tiny house. i can't take this shit anymore. the shitskins just keep coming.",0.7701451
"daily reminder that ""american"" vatniks will never prove that they're american. it's impossible because they're vpn shitskins.",0.6020386
you can tell them apart? both shitskins to me.,0.6407703
england scotland ireland should all be returned to the rightful victor called the english. independence has only caused more mess for everyone involved and scotland ireland have elected shitskins cause of it.english out pakis inas it follows,0.52272606
"b-but look at this paper!i don't give a fuck kike, i live here in reality where importing shitskins has never once resulted in any fucking positive to the society that did it.",0.85173553
republicans can only get shitskins and chinks. losers have to settle for the lower races,0.7252971
"kek! better go buy the women in your family first, as they are fucking niggers and shitskins for free.",0.9061063
"le pen is based and trad because she supports mass migration of shitskins done legally, as opposed to illegally.",0.4850187
"yep. it's over. kikes won. shitskins won. whatever, i voted, i fought, i did my part. if french people want to commit suicide, then so be it.",0.6342749
"white people dont gave the demographic to do shit, we are fucking old and theres a billion shitskins born per every white. and your example of uk just blackpilled me further. a week of doing nothing, then going back to work like good boys after summer vacation was over, given years long sentences for social media posts.",0.76197964
"just primitive people, as are all shitskins",0.82048255
"it's pretty fuckedmy most recent ancestors came over 150 years ago so i can't get anything resembling an ancestry visa from britain, sweden, or norway. i wouldn't mind it half so much if it weren't for all the shitskins they let in for no good reason.",0.7856813
"tho you're not technically wrong, the important thing, is that those 3 groups can be legit called aryan descendants as opposed to shitskins that have a tiny bit of aryan in them.",0.48021027
twitter janitor arg. shitskins aren't american.,0.6308517
"view:                           i immigrated to canada with my family when i was 10. the main reason my parents decided to move away from india was to escape the negative aspects of india. these include corruption, low living standards, and poor civility amongst the population. my parents wanted better for me and my sister, and thus we moved here. we sacrificed being away from our extended family, cheap food, cheap housemaids...""the current government is bringing into canada the very people we ran away from 20 years ago. they are bringing in the poor manners, tolerance of shitty living conditions, erratic driving, incivility while getting on public transit, discriminating hiring and renting practices, and much much more.                click to expand... be shitskinflee from shitskins to white countryturn white country into indiablame other shitskins""",0.17025198
how long till shitskins burn it down,0.7105462
good morning trannies and shitskins. still worshipping the oligarch jew cabal in rusnigeria i see. what is the current ass in the ass status? shelomova would be proud of you.,0.8540474
"linder: --------------- anyone pushing multiculturalism is pushing (((monoculturalism))). the lie may fool the plebs but the pushers are aware cultures disagree on the most serious things, so combining them can't work. the monoculture is always: jews run things, whites pay for things, discoloreds destroy things. this goes on until the white genes are dissipated, then the jews turn off the switch and eliminate most of the shitskins, leaving only a 90-iq service class that can never challenge them because it can't even perceive what’s going on. ---------------",0.47173777
pencil cocked shitskins,0.8403191
"i will trade shitskins for mexicans any day of the week. you can keep yur niggers tho, they are worse than ours.",0.78855824
you are a fucking retard who denies basic history. there are 0 recorded examples of pagan romans ever selling white slaves to shitskins. meamwhile the christian b*zantines would sell large quantities of white slaves to arabs.,0.9391453
"everything. the ""palestinian muslim"" was no 1964 invention. people fucking lived there before the jews ever touched the ground. the only ""invention"" is the jewish invention that there were no people living there and that they're all muslims. just admit that you hate shitskins and suck jewish cock, faggot.",0.93383175
"stop posting kikes and spics with bleached hair and calling them white. only niggers are stupid enough to fall for that as they've been doing for decades.you lame attempts to troll whites aren't working. we know what you're doing and have just grown bored with your browncel cope and stupidity.actual whites are vastly superior to you shitskins and kikes. you know this. if you didn't believe in our superiority, you'd not be trying so hard to smear our race. the only white women who want you browncels are either fat, on drugs, or dangerously mentally ill. even your own women don't want you. cope.",0.7856813
would you settle down with a non white woman?i would want to but my children would be shitskins so that's a moral dilemma,0.584095
"anti-white stupidity80% of nordic users here consider us shitskins, i see threads about this every day so let's exploit the few occasions to point the historical truth from our point of view.",0.718943
"ottoman shitskins taking over the chad byzantium, sad to see",0.6308517
drain the swamp. the foreign shitskins that is. you have my blessing heebro. just give me some more money. -every politician,0.584095
"shitskins are like rats, they come only to places where life is good and rich",0.7252971
"real white supremacists want to hold hands and sing kumbaya with the shitskins in ths country, okay???lmao you must be a brown woman yourself.",0.6863638
whats wrong with culling overbred inbred cousin-fucking shitskins?,0.8629672
two shitskins fighting and a white guy who ran away...,0.6588125
"we will spare ""arab"" muslims as long as they send their hottest women (only the light-skinned pure semites without any nigger/paki dna and with small butts) as sex slaves and also if they pay jizzya. otherwise we will kill the subhuman shitskins just like a handful of semites conquered all the subhuman shitskins in futuh al islam.",0.82048255
"""wereq said:    rage fuel and suicide fuel for brit bongcel  bandicoon""click to expand...""he's mostly celtic, as am i""celts are pretty ugly usually, both males & females""will make a thread on this nevergetup36 said:                         why do you like slavs so much and why do you always defend them? just wondering                click to expand...""i just have a knack for putting-down hapas, shitskins, etc. who like to project to make others feel better, as well as dealing with the ignorance people have""plus, it aligns with my worldview of europeans being allied & working together, as much of a pipe-dream as it is.",0.51980776
"not him but another elsasser, yes elsässisch is very much so alive particularly among old folks but also within the youth with the awkward gap of millenials who mostly haven't botheredthe further away from globohomo cities the more present, even some shitskins learn it, and as already written, kids can choose to learn it and most if not everything cultural is in dualsprache",0.4014846
"it's about the bots, not the shitskins.",0.6020386
tyson fury makes kikes and shitskins seethe.,0.60311776
"you mean poo, you filthy jeet. no white canadian would think of paki over poo. you shitskins just rape the weak too, like frail women, children, the elderly, and canadian males.",0.78207105
if whites went down to leeds and sorted those shitskins outbet they'd call the army in for something like that.,0.62136006
"be blindfoldedhands tiesfeets tieetc. kikes and christkikes made sure that whites cannot unite, work for and protect the white race.that's how things are.i thought it was obvious but then again, now i recall you shitskins cannot think much so maybe you didn't figure out that part yet.",0.57271194
"there's not going to be a magical awakening where suddenly whites go full 1488 and start going door to door killing shitskins and traitors. it's likely a reversal is not possible. we have to start very seriously thinking about the worst case scenario, so that we survive and in a position for a reconquista.",0.5140397
"your kids are going to assimilatebeaners waving mexican flags are assimilated? also, why would we want low iq shitskins to assimilate. i want them to leave. only speak englishi know spics born here who can’t speak english have white babieslol. no, they pop out some more low iq, retarded, brown skinned brown eyed turds like picrel. who will live in a minority white us",0.681338
"spoken like an ignorant. the satanic secret society useful idiots in christianity & revelation3:9 apostate jews are pushing that, including leftists. most christians know about shitlam invasion in europe & the holy crusades, they don't want it to happen again. nostradamus foresaw ☪️shitlamists & shitskins raping females & killing babies in europe, which are some reasons why he also saw fed-up christianity rising up & ousting shitlam from europe. also, he stated thar the last/worst/next antichrist is a shitlamist. see the importance of christianity, especially due to its population? respectfully awaken christians to see that rev3:9 apostate jews & satanic secret societies are ruining the world's givs & religions",0.72028047
"who caresit's the ultimate proof of jewish chutzpah as they spent years shitting on whites and making them worship shitskins, not realizing that those very same shitskins would one day bring antisemitism back in the game for whites. jews once again undone by their own hands, they can't help it",0.71760553
"chan spent 15 years spamming stupid shit, while stormfront posted their gay youtube pasta for 20 years, then israelis began shooting random sandniggers and all the communist and nigger golems the jews created turned on them because they didn't have the brains to realize shitskins see israel as a 'white settler state'.",0.8696708
"when you include hispanicsshitskins? why would you include shitskins? no, i'm not any variety of leftist like op is. and no, i don't rent.",0.6027529
"replacement part of the kalergi plan is done, next phase is d&c racewar where most whites and shitskins will kill eachother afterwards the jew swoops in",0.6426206
"am not buying into his characterization.. i would need to see what he is comparing it too.  a school room, desks, teachers, different grades,  how else would you run a school?   kids don't know what they need to learn. the problems with schools today is the arrogance of educators and their desire to harass the culture and turn kids against the previous generations including their own parents.  teaching them that white supremacy is a myth and that the inferiority of nonwhites is somehow the result of white people.    these people don't admit that the nonwhites in our schools today are typically the elite classes of still inferior nations.   this gives the false impression that countries like india are full of smart people, the shitskins put their best foot forward and we get not only the cream of the crap but the sewer has 5 times as many turds to choose from.   it's utterly unfair to say that 200 million indian population could have put men on the moon, or even faked it so well,  when 1400 million still can't do it just because the best of them have migrated here to our lands giving the false impression that indians are a brainy people .",0.28547668
"there are a bunch of cases like this. i remember looking this one up and finding others that were basically identical: its some guy clandestinely filming in bathrooms or locker rooms and then getting essentially life in prison. people are fucking retards. if someone out there had video of me taking a shower when i was twelve, i wouldnt even fucking care. and yet this country gets invaded with endless shitskins and we get robbed to send a hundred billion dollars to the only two jewish-ruled countries in the world, and our president had his son receive over a million dollars from a ukrainian gas company as a kickback for sending us aid money and it's all plain to see that biden knew about it and was the 'big guy' referred to in his son's emails, and thats fine and neither biden or joe go to prison for blatant corruption? how is everyone so fucking retarded?",0.6544696
"exodus 21 suggests that a pregnant woman’s life is more valuable than the fetus’s. this text describes a scenario in which men who are fighting strike a pregnant woman and cause her to miscarry. a monetary fine is imposed if the woman suffers no other harm beyond the miscarriage. however, if the woman suffers additional harm, the perpetrator’s punishment is to suffer reciprocal harm, up to life for life.so by that logic the fetus wasn't considered a full life yet, and to argue with modern logic, most abortions were shitskins. abortion is an excellent way to get niggers to control their own numbers, the problem was not judging every case individually and then deciding whether to allow it, if you ask me.",0.11316007
"i don’t let anyone in, like i said for years if this was a democracy they would have asked me, but they didn’t, which means it’s not my problem and i told the rcmp and politicians if anything happens to me or my friends and family, i’m coming after them, not the shitskins. what’s the worse they can do to me? send me to canada?",0.43475235
i saw that one.shit like that is rare. there was some beef or mental illness on that one as well. you want to stop this madness? destroy the synagogue of satan and put the shitskins back in africa and its all gone.white gun crime in usa is lower than faggot leafistan with that homo faggot asshole prime cunt minister,0.9248995
multiple fronts in this war. kinetic + mimetic. people do what they're best at. anything to worry or confuse shitskins or government employees can't be bad.,0.43965456
"before we get into today's sentencings, here's a reminder of where all this began: a stabbing attack in southport at the end of last month.three young girls - bebe king, six, elsie dot stancombe, seven, and nine-year-old alice da silva aguiar - were killed and eight other children injured, with five left in a critical condition. all those in hospital have since been discharged.the children were at a taylor swift-themed dance class on 29 july.no mention that murders took place just ""killings"" & ""stabbing attack"". no mention of the murderer axel mfutu. but hey fast track ppl meming, carrying pocket knives & shouting bad words & mocking shitskins & their religion of nonces.",0.18364124
"nothing is stopping you from having babiesmy inherent time preference is stopping me. i have a high iq and i realize that if i bring children into this world under the current circumstances it will greatly diminish my quality of life and their quality of live compared to waiting another 8-10 years and starting a family when i can afford them. this delay is due in large part to all of the low iq shitskins, like the inbred retarded that posted that, who have children without regard for anything. funding their lives i know they are morons but it amazes me that seemingly none of them have the cognitive power to conceive of a future without the white people, aka the people that create, fund and maintain their way of life both in the west and in the middle east.",0.56269526
"agree with the ngo statement, fuck hias and many others.we can't control that evil madness.another issue, which we actually have control over, is training. gab is a good source of info, but social media as a whole is cancerous. get out there and fucking train. that's what we do, and we're not special, put in work.you'll never see anyone in our vast network getting owned by shitskins, as this video portrays.the usa has fallen, it's dead.zero chance of some ""3d chess"" coming to save us.buy more ammo.form local groups.start training. you're already late to the game....",0.76197964
why even bother? the damage has already been done. i'm surprised this kike pawn isn't just completely opening the floodgates and telling cbp to stand down as a last desperate attempt to flood the country with mystery meat shitskins. this does nothing for him electorally,0.51980776
because this board is just an offshot of /trash/ nowadays and shitskins peddling their cuck fetish don't deserve anything good or fun,0.7570315
"you're going to end up being killed by one of the shitskins you advocate for.rightfully so.you accuse a scandinavian of being jewish, that reveals to us that you are jewish.",0.71760553
"next you will say that its climate change that forces shitskins to come to europe lmaoi never said thati said its jewsit always has been the jewsit will continue to be jews doing it. why are trying so hard to deflect from the fact white genocide is desirable and being carried out by jews loyal to israel? picrel is a rabbi based in the uk, lol!",0.5779532
"""bcroger said: this guy is a millionaire who can easily get a 9/10 western european or white american woman. he just uses shitskins for sex. he knows that the muslim woman won't give him any, so he declines.""click to expand...""bro can get a turk baddie by ease, so he can reject her just like the rest of shitskin arabs and curries",0.7252971
"why do you faggots constantly sperg about da jooz when it's been proven time and time again that the majority of people spamming shitskins are trannies and poop people? we have discord video evidence, you can see for yourself on the current tranny hate thread. da jooz have better things to do, troons have no life and are delusional mentally ill freaks with nothing better to do.",0.85333383
go to place full of touristsomg shitskins everywhere,0.6827122
"pretty much this. or some shitskin from a place that eats poverty grain diets and rotten meats calling everything a cow didn't shit or piss out muh goyslop!!! one of the biggest forced memes in a decade, hamfisted to popularity by the hordes of npc shitskins populating /pol/ now.",0.7510937
"shitskins pretending to be aryans is always an uncomfortable sight. they have poisoned modern perception of one of the most intact white religions, and by extension all the others in asia (zoroastrianism). it's like hearing a shitskin speaking spanish, it sounds completely different for some reason",0.6852916
"shitskins are cowards and have no loyalty or obligation to the government, you're the fucking retard here.tool",0.9391453
and guess who is behind it all ..........that shitty little group of nazi commie raghead shitskins and niggers ........,0.90451443
translation:jews hate whites jews leverage lawfare against whites whites capitulate shitskins gain leveragejews gain powerwhites losegas the jews hang the niggereliminate lawfare#maga2024,0.78711975
year ago some young ppl were shouting they want shitskins out and the judeo-tranny and the judeo-commie were crying for weeks.,0.63782936
paganism is skyrocketing in western nationsbecause of all the shitskins that follow santaria and other monkey brain bullshit like that.,0.8299589
almost all pedophiles are jewishkikes are the only ones who have the wits to set up long running pedo rings. all shitskins are opportunistic pedos,0.82048255
"minor spelling mistakeyeah when you scream about ""illiterate shitskins."" i'm going to point out that you act like one you dumb faggot.",0.8988238
yeah bro join up we'll totally throw out the shitskins,0.6588125
call it what it is.      brought to you by the jews.     it doesn’t matter which of their puppets sit in the white hut.     these shitskins are coming.     you guys are going to be pissed when trump gives them amnesty like reagan did in 1986.     i know we were pissed then too.    but there was nothing we could do.    voting harderer in 1988 just got us old man bush,0.60254884
"acting whitepolitely, and quietly, just beingworking a jobhelping someone outbeing honest in dealingsbeing kind to animalsavoiding cruelty when posiblecaring about our natural environmentshall i go on?also, fuck shitskins and kikes",0.8540474
"nigger lovers get the rope. and no, it's not mostly women. it's a mix of shitskins larping as niggers and soyboy whites who are barely men.",0.8364697
commie shitskins get treated like commie shitskinskill them on the spot hahahahahhaha oh no america is arresting more nigger lovers noooo hahahahahahaha,0.90451443
jidf thread. ignore and move on. as much as i hate shitskins we cant ignore the fact that the jews are the worst shitskins to ever exist.,0.83334327
"i completely agree anon. the situation is complicated and i think kikes have big problem because the previous ""get in the camp a or b"" psyop isn't working. are you fucking retarded? they think that israel is a white ethnostate and an apartheid one. but they are anti kike, just the designation of their race is retarded. and yes, they are anti-white. arabs are anti-white and kikes are actively genocidal the whites.the ""journalists "" that are paid pigs of the kikes are trying to goad people into 2 camps"" pro-israel no matter what, or pro-arab jo matter what"".and it isn't fucking working. people, for the first time in memory see the nuance and are responding with ""i'm pro white only and hate kikes"".that's huge. i'm not pro-arab, why would i fucking be pro-arab? but i'm actively anti-kike.basically i'm not gonna support neither of the shitskins. i'm not going to be in any fucking camp, except for the pro-white camp.kikes are cancer so i will use what they are doing to palestinians to smear them, to open the eyes of the cuckservatives, but truth be told i don't give a shit about the shitskin babies or women personally",0.6667219
is this a crowd of shitskins or what? some of these images look like a lot of light skinned hands.   i didn't think white people did street takeovers.,0.6289369
so basically it all boils down thirdies and shitskins being subhuman as usual.,0.61223894
"oh no, flooding your continent with violent shitskins and turban trash for years on end makes people vote against such a thing??!?!?!?!???",0.6342749
"israel matters less to every american than inflation, jobs, immigration, and general societal collapse. personally i would love for the jews to build a historical replica of auschwitz outside jerusalem for the paleniggers and do their darnedest to prove that you really can gas six million people with delousing agent in chambers with wooden doors and burn all the bodies in 4 years. it would settle the hall of cost denial debate forever, and even if they fail to prove that the hall of cost happened at least the world will have fewer shitskins in it, just like hitler would have wanted",0.57271194
"nice, hopefully someone locked the doors before the shitskins could get out.",0.60254884
compared to the unemployed low life shitskins? i'll take a native white unemployed person over a foreign unemployed every day.,0.6020386
he didn't even really work that hard for those millionsi've seen shitskins work much harderbad return on investment desu,0.47886392
"multipolar worldshitty larp to ensure shitskins neutrality. but it sorta kinda works, so i can't complain.real multipolarity would be a stateless cyberpunk dystopia, so i hope russia will just backstab everybody in the end and take america's place as a world hehemon.",0.6027529
"and jewish propoganda is still working upon the cucking white-guilt whiteys that do not see that white nations throughout the western world are all being invaded by low-iq replacement niggers, mooozies, pajeets, chinks, and assorted shitskins as the jewish system is at full sabotage of whiteys and western values!!!  whitey, wake the fuck up!!!  jews and their puppets hate us!!!",0.85850734
"if you believe that things will get hard until they crash and burn and then from that a new society will rise and things will get better, you're fooled. women and shitskins never strive for improvement, they never push the boundaries of civilization. they always adapt to whatever society they are currently in, and they will continue living like that for the next thousands of years without ever taking any initiative to change it. if women live like slaves, in a filthy, run down, nigger-infested shithole where they get raped and beheaded in the streets on the daily, they won't do anything about it. they'll just accept that as the way of life. it will become entirely normal. it is similar with shitskins. for thousands of years, they lived like primitive subhumans, never advancing, never having any desire to. they could go on living in mud huts and eating cow shit every day for the next thousands of years as well. it is always the white men that drive civilization to improve. it's white men who decided that women should have more rights, it's white men who colonized the third world shitholes and gave them modern technology, etc. however white men's population declines every year, and those remaining get intensely brainwashed from the moment they're born. and so white men will no longer be able to dictate the future of the world. in a world where white men are a minority, and that minority is ever oppressed by the ones who do everything they can to discredit/genocide them, there will simply be nothing to be done. there is a certain time when you've gone too far, and there's no coming back from it, like passing the event horizon of a black hole. and we are headed straight for that. it will only continue to get worse, and every year it gets worse, it's exponentially harder to come back from it. things are beyond saving at this point.",0.6544696
"years old unemployed and searching for a job for almost 3 months nowcompanies either don't reply or wait till they have someone with a degreesee a lot of boomers when i do grocery shopping and think to myself how the younger generation will finance the rentwhen i'm in the city (no matter the time) i see a lot of immigrants, primarily shitskins and niggers(esslingen/neckar)youth is less than 10% german think about moving out of my parents house but can't afford good appartments and i can forget to buy a house bad infrastructurehigh amount of taxes, almost 70%. so when you earn 4k brutto you only get like 2,6k netto which isn't enoughrarely see a german flag, only eu the mostyouth addicted to getting tattoos or watchint tiktoks etc. it's an absolute hellhole. one of my friend wants to move to tyrol, austria but i said it's the same thing there. what do other germananons think about this and do you want to stay in germany or leave it?",0.509388
nick griffin is a narcissistic has-been who only appeals to shitskins like (you) because your leaders give him money to make appearances and denigrate the west,0.6611249
"i flood your nation with shitskins? you should've thought of that before bringing them by boatloads to pick cotton then proceeded to annex half of mexico acting all surprised at how america a 100% homogonous state. it's easy, all currencies operate on the basis of value by use. the more national banks trade and adopt it; means its value doesn't plummet despite the american economy being 34 trillion into debt. the international hegemony of the dollar is the only guaranteeing factor in regards to you not spending hours outside in a soup kitchen. you can mock what i'm about to say but israel is an economic powerhouse of high-tech, medical care, and commerce, trading in those fields exclusively with the dollar, primarily - with american corporations. but since you're a moron you probably think biden personally pockets a stacks of bills from your wallet for the iron dome, america's expenditure is an irrelevant metric at this point and would continue being so for long as the united states stays as the world's sole hegemon. the very idea behind brics is to devaluate and weaken the western sphere, and in return - your very economic predicament in nebraska or ohio or wherever you live in",0.52139956
just the money given to them alone adds up to more than whatever theyll ever contribute while being criminals/bum’s taking 10x more than they produce lol. who the fuk thought shitskins would do anything but destroy everything? fukn boomer kikes are beyond words,0.78855824
"want dead slavswant the shitskins outeither way i win, either way i lose.",0.8252207
what will europeans and asians do when their walkable cities become more unsafe because of shitskins committing violent crime? there will be no escape from them.,0.52811706
"golem'' does not exist in christianity. if you are deliberately confusing it, it really shows what a retard you are. god, this place is full of stupid degenerates, just bunch of liberals that like to say nigger a lot and larp as neo-nazis. have you saw amerimutt /pol/ meetings? shitskins, gooks, obese neckbeard fucks..it's no surprise that all of your youth are woke, sjws and lgbtqs. western ***right wing*** has nothing to offer. iran was ahead of their time when they called america great satan.",0.7998551
"oy vey, goyim! if you don't flood your country with shitskins and genocide yourselves, your country won't survive!i hate jews so much it's legitimately not even funny. my own dad damn near disowned me over my anti-semitism.",0.7701451
"omg i love jews now!where is the mother fucking jewish gratitude about ww2? because all we hear is how evil germany was for attacking the chosen people, neurotic hitler and boohoo muh fucking holocaust, but all whites are called nazis now because of this schizophrenic jewish fear. even when it's probably the best time in the history of the world to be a kike. why should we have ever helped stop what was happening there?jews destroyed all the countries because they couldn't feel safe in a white society again. they would rather live with muslims and jeet shitskins. they are most treacherous people of all time..",0.8364697
"you're letting jews take your money, and shitskins invade your country, don't talk about ""fighting for a cause"" as if you were doing that. last time you did that was 80 years ago.",0.60152835
"look at this streetshitter trying to distinguish himself from the rest of his fellow countrymen. you’re all shitskins to us, rape is your culture, especially hindoos.",0.8252207
"nobody owes trump shit! i voted for him in the 2016 primary, 2016 general, 2020 primary, and 2020 general. i've had enough! i'm staying home on november 5th. i was gonna stay home in 2022, but alipac (william gheen) made me feel guilty about not voting on the questions in my state (massachusetts). the fourth question was:should illegal shitskins get driver's licenses?yes for that question passed with flying colors. i only did the questions; no politician got my vote, but damn that was demoralizing. i wish i stayed home and never voted. everything is fake and gay, especially our elections. even worse, people like trump are too busy defending feminist retards against trannies they chose to compete with in the olympics. not to mention his clot shot, j6 honeytrap against true patriots, allowance for voter fraud, grifting on said voter fraud with ""stop the steal,"" and his 2020 proposal for nigger repairations! fool me once shame on trump; fool me twice, shame on me; fool me three times, not gonna happen. writing in ron paul is probably what i would do if you forced me to vote at gunpoint.",0.7510937
france deserves to be overran with niggers and shitskins,0.88599813
you're whining about 'racial purity' and 'muh genocide of le poor shitskins',0.6407703
guy should've read the room and locked it down early. there's more white people than shitskins walking around.,0.62136006
itt mutts and shitskins pretending they know anything about british heritage  it's the other way round you melt. scots were an irish tribe that migrated to scotland,0.62136006
reminder that europeans have bigger dicks on average no matter how much you shitskins seethe. stop larping as white,0.85173553
"yeah i was thinking, isn't the average citizen being not great at murder the sign of a successful society? i guess the shitskins are going to provide a refresher course.",0.568186
it’s the cousin marriages going back thousands of years right up until today. look up global consanguinity numbers. it’s literally a one second google search to prove that mudslime shitskins fuck and marry their cousins nonstop,0.73663366
shitskins are getting more and more delusional.,0.6544696
"they did a pre-release beta and it was absolute trashi think after that was when the original team were all fired by gearbox and the diversity hires were brought in; obviously the diversity hires cost less and i guess the gearbox jews figured with the hard technical parts of the game done by the white man, the shitskins and women could fill in the easy parts for a quick profit",0.54325575
i guarantee that faggot doesn't use the existing public transit system where he lives for fear of being robbed or killed by feral shitskins.,0.82048255
oh no killing shitskins with bombs and stopping a war is bad.,0.62702215
the soldiers are white i don’t believe this. where are the shitskins?,0.6989911
all the shitskins playing shitskin olympicsi hate all of you equally and want you all out of my country,0.9029226
the shitskins,0.687436
i hear constantly on pol about how we need to do something about our birthrates. always making up fanatic things you will do to the jews and other shitskins. this and that with no action.the reality is you are a small minority screaming into the abyss.,0.5532103
i support this. it’s the only way to be sure i don’t have to live with shitskins.,0.6027529
shutup you commie fuck. you are all going to hang along with the shitskins you love so mucheveryone i don't like is a commie shitskini fucking hate the shitskins. but you're also retarded. you're talking about the uk descending into chaos but your examples are all just dumbass royal family drama.,0.95048624
"that is changing very, very rapidly. we know we need a unified front against the assault of leftism and kikes and the various millions of types of shitskins flooding our countries. we can all see it happening in every white country at the same time. recently you had british and irish far right groups walking next to eachother in protests and having some beers at the pub afterwards. especially in the anglosphere we all speak out and represent eachothers views because we're all going through the same thing. you regularly see british e-celebs on american shows and visa versa. you see tommy robinstein on juden petersteins show etc etc. we're all talking and we want you to go back. at the end of the day no matter what those people claim to be politically, the 14 words are central to their political beliefs.",0.47119883
"good insight. they also don't realize:be racistbe called racistlosestop involving other races, target traitors, what are they going to call you anyways?? all problems caused by jews, shitskins and chinks can be traced back to white traitors.",0.6588125
that's fucking terrible. stupid shitskins torturing animals for video views is just vile.,0.96069145
"virtually every western country has bad birth rates, and pensions and retirement plans cost a lot of money that has to be paid by younger workers. debt also requires growth to prevent it from mattering. indians in western countries don’t have particularly high birth rates eitherbirthrates are low because people are paid badly so they can't afford housing and families. there is an ulterior motive to collapsing wages with shitskins.",0.44933176
post of u seething and sperging out why are shitskins like this,0.6863638
the problem could be completly solved by first deporting all illegal shitskins then making a complete and total ban on usury and finally by expelling all so-called jews and banning them from owning property in our nation.,0.6491204
"they are measuring cities, now packed with more shitskins and air conditioning",0.5885171
"japan doesn't really allow ""refugees""government just passed a law making it easier to deport shitskins who've had their asylum claims turned down.up till now they could endlessly keep reapplying and remain in japan or be in prolonged custody.",0.45703048
"you just can't let it go can, you? you lost... over and over and over. pleas try to suck less. you're embarrassing all middle-eastern shitskins now... it's well past just jews.",0.78207105
"i wasn't asking you...i was asking the nigger....you're a jerk for helping the nigger answer....jerk. ...and don't even think about trying to teach me what koine greek says. ...thou shal not ""murder"" means don't kill anyone unrighteously...yhwh himself kills the ungodly scum down here and he has no problem ( such as what phineas did ) with us doing it also...niggers are themselves hybrids and need the godly cure to their ungodly existence....same as orientals and shitskins. this earth is for the white adamic race. period.",0.85333383
immigrant shitskins getting the gibs,0.7701451
hahaha get fucked shitskins,0.95048624
they couldn't colonize shit. as soon as as we deal with the jewish menace importing shitskins by the millions they're going right back to their shitholes.,0.8540474
"it’s all worthless garbage anyway, luxury cars, clothing, electronics made in factories by wage slaves, like the cheap shit made in different factories by actual slaves. expensive vacations only to end up around shitskins like the shitskins at home. kikes value worthless shit like that, things that aren’t real (image) or of substance.",0.82048255
once you realize shitskins arnt people it all makes a lot more sense,0.6027529
t. shitskins who don't enjoy the art of exploration,0.6407703
"are there government funded to pride parades, shitskins and trannies in china?",0.6342749
"because if the didn’t have one false excuse to import shitskins, they’d just choose another. they always argue in bad faith. they’re filthy commies and kikes.",0.7510937
butthurt shitskins and postmodern ideals. the same people who praise the mongol empire for the beneficial impact their conquests apparently had on facilitating safe trade are the ones to bemoan the evils of colonialism. there's also the recency of colonialism and the fact that it's from a western perspective so people focus more on it than the distant warcrimes of tamerlane for instance.,0.5140397
why? are you a nigger? cops neutralize nignogs therefore theyrr good. why do you think leftoids are always seething about them? they knock out their precious shitskins.,0.78855824
"daily reminder that the only fans of ebin gaymes store are shitskins because it gives out free games (who cares that most free games on epic are fucking trash, like saints row reboot, they're free)any complaints about steam being a ""monopoly"" are also often followed by ""steam is bad because steam games are expensive in third world countries"" revealing where such posters are frommost importantly: never forget a epic shill will agressively screech, swing at you and throw shit everywhere while calling you a ""steamie"" and ""gaben cultist"" while continuously jerking off timmy with the other hand",0.6544696
"you literally have no constitution. you only have unwritten norms and conventions which stem from judicial decisions and treaties. that's not a constitution. and that's beside the point. why do the royals prefer your children being raped and murdered by feral shitskins to a slight inconvenience in government? there is no constitutional crisis that could ever be as serious as the niggers crisis, which is happening as we speak",0.6667219
white males are so cucked. they wont even defend their women and let them get raped and mocked by shitskins. if her bf had been a nigger he would have laid that jeet out. no wonder white women are ditching white 'men'. bunch of pussies.,0.85333383
all the seetheing shitskins in the thread that hate dogs because they sense there evilnesswhat is it about dogs that shitskins and asians hate so fucking much?,0.8988238
"the iq shit. race realism, biological determinism, nature  nurture etc. theres billions of not only shitskins but also crackers who cannot accept this.",0.85333383
"deindustrialized nation, imported millions of shitskins for service jobs, anti natalist propaganda aimed at whites for generations. boomers lust for cheap materials and lack of proper generational planning. whites turned into spiritual jews and libshits facilitate demographic decline because shabbos goys.i honestly try to hire whites but most of the types i get are libshits, druggies, alcoholics, or have no work ethic at all. the propaganda has destroyed whites.",0.5972042
"from today's jewtin kike media frontpage, a bunch of ""whitey bad"" headlines again featuring only shitskins saviours of the white race right there goys",0.6027529
i think it's positive. all i care about is to get rid of all niggers and shitskins. everything else is of lower relevance to me.,0.85333383
frankly i don't want people to get sidetracked. get rid of all the shitskins first and foremost,0.65996873
"""jason voorhees said: 			it is you who started this shit.		click to expand...""you started it last night, dumbass.  jason voorhees said: 			i am just here to have a civilized conversation without any censorship		click to expand...""as was i, yet i get the same behavior from you as i do from normshits irl.  jason voorhees said: 			but it's you fuckers who are constantly targeting ethnics .		click to expand...""you guys make tons of jbw threads, say shit about how it's good shitskins are dragging down white countries, which affects our lives.  jason voorhees said: 			ypu are just a racist turd. you can get away with such hate speech and can only say these things behind a computer screen i hope you realize that.		click to expand...""you sound like a redditor, 100%.",0.82048255
fuck pajeets. shitskins are parasites,0.8696708
"stellar blade was a financial success, i guarantee it, and they will sell double what they already have once the pc port comes in. tranny. biackcock will save them im sure lmao. xbox dying is also saving basedny. consoles are for third world shitskins anyway who cares.",0.6588125
"it's not surprising that faggot hoft supports shitskins but there seems to be a concerted effort on gab lately that continuously promotes fictitious, superfluous, mostly backhanded fantasies about the importance of niggers and their ""opinions"".the number of cheerleaders that seem to support these posts is even more disturbing.-",0.687436
because shitskins are braindead?china is basically like the rest of the other developed countries no matter how much western propaganda tried to paint them as 3rd world.,0.65996873
good riddance to shitskins,0.6544696
steals white technology and larps like shitskins had anything to do with it. you're welcome. now let's see chinks create something that doesn't already exist.,0.5921536
he is one of the few politicians who actually followed through with his promises million brits emigrate  million shitskins immigratenet immigration = 1m - 1m = 0,0.45751464
cool please end isreal. we can expel shitskins.,0.7570315
"only shitskins are antisemitic. post flag, mudslime.",0.8115627
claims it was his captchachan filenamegod underage shitskins trying to fit in are the worst,0.65996873
"we're getting whites. are you too dumb to realize that? you know what other states are getting? pure shitskins. you should be thankful the south is taking the other countries whites anon, i know i am. my cousin's out in california would like to have a word with you about what's happening out there kek.",0.6667219
"blah blah blah impotent seethingthe jews are simply based. they're doing what they have to, no matter the amount of fake international seethe from 20 years old marxist retards. you know why you have all of these shitskins in your country? because your fellow country men are scared of leftists seethe. leftists rage, leftists screeching etc...so keep being a cuck and rooting with the people actually agressively enforcing those policies and physically assaulting right wingers.the jews are fighting back, and as usual, evil disgusting mudslimes start larping as victims, muh women and children of gaza, kek, but the jews still give °0 fuck. do i unconditionally love jews? no. but they gained my respect recently, because they're doing what they have to do to survive, unlike useless scrubs like you",0.68408644
"pooshits are incompetentthey only know how to practice nepotism rampantly and flood every country/company with their filthy kindyou will always see these high caste shitskin shit-blooded pajeet filth bragging about le marks and le degrees and le ceos and shieeeeeeeeetbut the truth is, the jews love good cocksuckers like these shitskins and that's why they are everywhere doing the jew massa's bidding like the obedient slaves they are poooooooooooooooooooooooooooooooooooooooooooooooooooooooooooooooooohow does it feel to be the most hated group of ""people"" alongside jews?doesnt matter which country you flee to now, you will always be shitskin non-human shit-blooded pajeet filth!",0.88599813
do shitskins worship taylor swift? i feel like she heads a white goddess worship cult.,0.5532103
shitskins actually think everything was just provided to white peoplethe power of leftoid propaganda on the undeveloped simian mind.,0.6852916
"white anons! its that time again, white power wednesday!by posting in this thread you shit on and denounce the talmud! gentiles forever!1 year, 7 months, 2 weeks posting and still going strong!why do i do it? to spread hope and raise our racial consciousness. you should do the same.what are some good ways to honor white power wednesday?tribe and train.research history.read ancient literature.hit the gym.cardio.shoot ze guns.make a baby in a white woman, no shitskins!don't simp for women ever.spend time with your children.teach your children a new skill.lend an ear to an elder white.befriend a stranger just because they are white.stand up for someone just because they are white.never be afraid to do the right thing, even if the consequences are dire.avoid consuming the jews (((programing))) why do you think they call it that?don't just reject degeneracy, fight it. this is the jews most effective weapon against the gentile. remember above all it's gentile vs semite but its not that i'm an anti semite, just pro gentile.the world is going to shit frenz we all know it. never fear! as long as you wake up white there is hope. don't be a doomer, never let them break you! if nothing else make wednesday the day you take to improve one thing about yourself or do one thing to advance our race. do it every wednesday!believe in yourself white man, you can.white power, white pride, worldwide!",0.6426206
"consumerism is renting, excessive vices and spenditures, paying up markup and overpriced shit from the 3rd world because it's cheaper to mass produce there and pass off the transportation costs to you etc.no one says you have to live a life of watching paint dry, but denying that giving women and shitskins access to funds and resources has been the greatest catastrophe since the killing of germanicus",0.5921536
"i am white and have extensive military and pmc experience. if you want to hire me to murderpurge all niggers and shitskins from japan i will do so. simply give me legal immunity and set me lose.no mayhem, just assassination with a clean up crew.i believe in keeping japan clean but i appreciate that japanese find the pest extermination distasteful and troublesome. i will do it for you.",0.6863638
the game is actually that good that it filters invalid shitskins like you.,0.76197964
shitskins,0.5559701
"anecdotalyou'd hope nurses and doctors would come out and report if they were seeing some massive uptick in illness.but over here they've all been replaced with shitskins and women these days, so i doubt that will happen i woke up in the middle of the night due a massive pain in my chestthat happened to my mom two days after her first az injection. she got an ambulance ride to the hospital and a few days stay, but they didn't find anything and she's been fine since then from what i can tell.weirdly enough that wasn't enough to scare her away from considering the 2nd dose. tv is a powerful force lelunluckily it took until dad passed before she finally put that thought away.",0.39987978
"the funny part is that it will always be whites and everyone else no matter how the an argument is made. multiculturalism = add everyone else to white nationsforeigners out = everyone leave except whiteseven your post is whites wont exist and human rights are for peoplesame with native americans. lump a bunch of indigenous tribes together without any regard for their individual tribal names, customs, language, traditions or geographic location. whites and everyone else. so whites will be gone and all that will be left wil be everyone else. if i start listing off who will be left itll literally be a just a roster of fighters in the thunderdome. you dont care about the fact the without whites the world will be a massive blood sport of shitskins, you just want whites gone",0.37955463
"im tired of seeing division between us. you are the reason why our movement is faltering. instead of fighting our enemies and fighting for our cause you are wasting your energy attacking white women and blaming us for your problems. for a movement that is supposed to love our people you really seem to hate our women. why call yourself a white nationalist/natsoc if you hate on half of your race and want to deprive them of their rights? have you forgotten you need us for your very existence? you know asians and latinas you lust after wont give you white children right? imagine being a racially conscious or right-leaning white woman and seeing thousands of your own men blaming you for the downfall of the west every single day. white women do not control the anti-white media or gave niggers or shitskins the right to vote or initiated the 1965 immigration act. honestly, after seeing 9282287th post about how white women sucks, we dont deserve rights, we are all roasties and what not, white sharia blah blah i am starting to lose all the faith i had in white men. every single one of you comes from a white woman and you have audacity to hate us. sad.",0.37955463
"we have enough chinese, asian, muslim, black/african, and latino migrants to fill all of the worlds needs, for skilled and unskilled labor. literally everyone on that list is a billion times better than indian hindu shitskin invaders which you can easily tell by comparing india to any other country in the world.the ""need"" for indian hindu pedophile rapist invaders is just a continuation of the scam where western tech/it companies kept saying they ""needed"" indians to come fill worker shortages for decades. there was never any shortage, it was indian shitskins taking over these companies and turning them into migration scams, along with india lobbying the us government to only take indians and give them 80% of the tech visas.if there was really any need for workers in all these western countries, we would take literally anyone who wanted to work, instead of only indians. indians are the worst migrants of all time, you just need to look at india to see all they are capable of producing is rape, filth, and savagery. there isn't a single fucking thing that indians touch that they don't destroy immediately. there is no ""need"" for indians, there never was. it's an invasion and it needs to be ruthlessly dealt with.",0.6020386
"lol how we have high inflation, like prices for basics up 50% since pre-fraud-pandemic, and we're swamped with hostile shitskins to allegedly keep labor costs down. really makes you think! as long as the effeminate faggot boomer kike ""executive"" in his tesla in chevy chase can get a bonus and have a huge stock portfolio, the economy is ""booming,"" and inflation is ""under control.""",0.61223894
they shitskins or irish humans?,0.6989911
"""anandkonda said: 			south india ""view attachment 1159895""click to expand...""indiancels, should i attempt indiamaxxing as a turkish shit skin? genuinely curious. i'm not super rich or anything but i guess i could muster enough money for a decent trip. seriously there's nowhere for us shitskins to locationmaxx to. whites got the sea and the blacks got europe, but not even a crumb of pussy for us brownies.",0.6744087
it's encouraging shitskins to get to breeding. it's a poster for the kalergi plan and you're laughing?,0.51980776
"i have no designs to subjugate your culture anon. all i want to do is live my life in peace with a job that gives me a sense of direction and purpose. that i can look back on and be proud that i did. an occupation that is integral to the functioning of society. btw i’m a closeted atheist, i have no connection spiritual or otherwise to my community full of shitskins. i think they’re vermin all things considered, it took me a long time to realise this. i’m a man without a tribe. do you know what that feels like anon? the sense of isolation? the fact that you can be talking to your own mom face to face and still feel like a thousand miles away. how hard it is to form emotional connections with anybody? how you feel like a fucking prisoner in your own house? i want to leave bad. i didn’t go to uni because i had other plans as stated above, but they never went through and now i’m struggling to find a job that gives me social mobility.",0.47886392
superior races taking land from shitskins and replacing them? le based!but when jews do it its actually le bad or something to that affect,0.62136006
i think you're a little delusional. you are greatly outnumbered in that area. the us is going downhill fast and all nonwhites hate jews and they are starting to slowly take over. only boomer and conservative whites support israel and they are losing power fast and our demographics are greatly dropping. you can thank american jews they would rather side with liberalism and shitskins cause they are jelly of white preppy frat bros than support you guys,0.5921536
"the connection is death to all shitskins, are you an illiterate shitskin yourself?",0.88599813
you shitskins are satan's bloodline. there is no denying this.,0.8299589
too many people want the shitskins so you’d have to get violent with your own people. i’m not willing to do that so i just try to avoid the problem personally,0.5921536
"/k/ is ran by some filthy european no gun brown shitskins and chud arabs who think kosovo is an actual country, so take that as you will on how ""based"" these niggers are when they are yelling about pro ukraine being the shit you have to follow.lmao, anyone who supports ukraine is brown as in shit colored, kike, nonce or an ukrainian refugee.ukrainian support dies the moment they don't have internet access.",0.78711975
"oh no, some shitskins stole the numbers for the thing that isn't going to exist in 10 years.",0.6667219
"shut up fag shitskins fighting each other means less than nothing, thats just what they do.",0.8778702
thats why they are appealing to the (((wider audience))) to get the niggers shitskins trannies and other subhumans to play their games.quantity over quality.,0.6852916
"cool i'd like to see them trying, meanwhile keep your fucking shitskins in your shitskin country",0.9061063
"""whitepilledrage said:                         most of them look better than shitskins especially europeans.                click to expand...""not true lol they look like subhumans too",0.6407703
we aren't rioting because we don't have nearly as many shitskins.,0.63782936
"a random swede shows up to call others shitskins after some polish shill got revealed to be a fucking bengal, hmmm...",0.7761081
its almost like we dont want to squabble over meaningless small differences while our countries are flood with shitskins like yourself,0.718943
"except there's a 10:1 ratio of shitskins to white deathswhich still means kikes and shitskins will win, by the way, especially considering a lot of s[]yfags won't even fight for a multitude of reasons",0.6744087
superpower by 2030toilets by 2100 sarrrrrhow the fuck do you have 1.4 billion shitskins and zero gold medals???lmaooooooooooooo,0.85333383
lol theyre not going to attack directlyg-guess they're r-retarded now h-hehthank god we don't let you shitskins as a state you're too stupid to be an american,0.85173553
because the 3rd world shitskins come from crime ridden countries with high rates of rape and murder,0.72028047
99% of traffic is shitskins and bots. on all boards.,0.6407703
he's a jew.he's going to destroy his people by importing shittier of shitskins.,0.85173553
niggers and shitskins aren't the ones who consolidated the defense industry to maximize profits,0.85173553
how do prevent america and canada from becoming completely overrun by these shitskins?,0.62702215
this sort of thinking is exactly why we are being overrun with shitskins. you have a sickness of the mind if you don't care about your race.,0.6863638
"nigger you are either acting dumb or i was wrong about you they are in russia a safe country being pushed by russian border guards into poland as a means of economic warfareand no my country did very little damage in the me we had very strict roe as we have a long doctrinal understanding from ww2 in which 25pdr obliterated french towns leading to british troops being hated, hence forth british oc has always set roe to be extremely cautious that's not even to mention the fact the shitskins themselves did the majority of damage and created their whole mess this isn't /pol/ but please fuck off with your reddit opinion",0.8403191
because putin pushes shitskins into europe and that improves their popularity.,0.55739564
"all that happened was unpunished mobs of shitskins running around armed, attacking whitesgood. whites need to wake up and stop worshipping niggers.",0.7761081
"sorry anon, but i have bterayed the old ways. i no longer spend 16 hours a day playing wow. i no longer drink two bottles of wine every night. i no longer sip yager at home alone. i no longer smoke like a chimny. i no longer fap 3-5 times a day. i no longer smell like a homless man. i quit all that shit, i take a shower every day, i got into a good stem uni, got a girlfriend, graduated, got a job, got married, did my masters, started phd, and i'm havning my first kid any day now (literally we are two days after due date). i betrayed the old ways and have become a normie. all i have to remember the old days is i play dnd with the wife, and i have a hardrive full of weird internet shit in a drawr somewhere. that being said, fuck kikes, fuck spics, fuck niggers, fuck nips, fuck twolheads, and fuck all shitskins.",0.4575469
"have you gone outside? it’s full of shitskins this is britain, not pakistan",0.743089
shitskins like you only love hitler because you're part of the butthurt belt of former british colonies. you have nothing ideologically in common with national socialists. you merely live vicariously through their fight against european colonial empires who once used your women and took your resources.,0.6863638
"i see the rich white women out exercising with booty shorts and the ugly little beaners staring at them as they jog past. they look absolutely ridiculous.  this time of day, brown spics  ugly sub human looking faces dressed like they are ready to get dirty are passed up by the wealthiest white women in california, most have the ear phones with chords attached still.  i find that odd.  the beachwood cafe opens in 20 minutes.  typically went i come here i don't go in there.  i come here a lot but i just tell myself not to waist my money on the cafe that has the wealthiest customers in california streaming in, yet ol only hires spics and even a nigger.    a few years ago i came here at night.  i needed the restroom so i bit the bullet.   i had a bunch of racist prints that me and my friend had made.   i told him not to distribute here.   there was a book give away shelf there inside the old pillars at the hollywood land entrance and i was not even wanting a flyer there, i know better than to blow up the places you visit.    when i came out of the restroom i  started finding the racist 8.5x11 leaflets inside the cafe. i grabbed what i saw and then outside grabbed more.    i crumpled them up and made a show of finding them disgusting, just to prevent anyone from thinking that i had anything to do with them.    i feel a bit ashamed of this but i know better than to think that anything good could come out of those flyers here.  i could get banned from here and most likely someone else would have picked them up and thrown them away before the customers read any.     so now it's been three hours of workers showing up around here.  lots of construction trucks. beaners of course.  a road crew is setting up, also beaners.      hmmm why do i call them beaners, i am the one who likes bean and cheese burritos, those shitskins are all eating meat.    i am not vegetarian, but i was raised vegetarian. i don't recommend raising kids vegetarian.     let them eat meat and drink milk until the are grown.    we don't want soy boys.  i was literally raised on soy and  i don't think it did me or the animals any favors.     3 minutes until the cafe opens at 8: there he is, the first white man, customer, maybe a jew or something, he looked so un athletic, nerd like, like.a guy from the 80's in jeans and deck shoes with an untucked non western shirt with the cuff turn up once.  behind my car is an ugly beaner. their heads are so ugly.  they don't look like complete humans.   they belong in the forests. they belong in the junges of south america, i hate looking at them. so many white people have sex and babies with these manimals that i could be surprised that there are any whites left on this planet just because sexual depravity seems to one thing that whites don't score low on but that is probably a new phenomena.  i would like to think that in the past, white people only bred these apes into existence for making slaves, they should make them slaves today.  what harm can it do?  they are like free range slaves now, but they are too many.    too much of a good thing is bad.  it's 8:13 am.  i still don't see too many white people driving to work.  the ones i see are out walking dogs or exorcising. i have seen more trash pick up trucks all driven by the subhumans than i have white men outside their hoe by now, actually about three times as many...i just saw two ugly asian men. they looked foreign i could tell that they are going up to the hollywood sign.    i might walk up there.  there's a guy that lives in a house only two houses down from the entrance to the park that sells waters and i talk to him when he is out.    he is a musician. he is the first person that enthusiastically agreed with me that music today all sounds like it was designed on a computer.  i didn't go into my theory about how jews do this to make music easier for jews to produce and then find some nigger to perform it so that  jews make almost all the money from music that they can't perform and nobody wants to listen tol because they are ugly and old, how many white girls do you think these record industry jews fuck before the finally give the songs to a nigger to perform, knowing all along that they only wanted a nigger to perform it.     alright, i am done writing, time to go get my soda .   the end",0.6020386
"you realize the russian casus beli was to ""de-nazify"" ukraine.retards here only cheer for putin because they need a hero.the truth is that russia fills their own country with shitskins and muslims to solve the demographic decline, albeit they are less faggot worshipping, but that has literally nothing to do with the war or the fact that ziggers has traumatized europeans since 1917 because they can never stay within their own fucking border.",0.7510937
"we haven't established anything, you said something and i don't believe you. still haven't said why you think it's remotely acceptable any of your fellow ""english protestants"" are being raped by shitskins",0.6667219
"none of you jeets that post here look like that fag, i bet some pajeet would consider that a  white foreigner, bihari shitskins, pic rel is bright skin color for pajeets even",0.6744087
this is a humiliation ritual for mudslime shitskins,0.8460273
"i don't usually respond to memeflag niggerfaggotsagreedand don't let those shitskins convince you that pakis, bangladeshis, or sri lankans are any differentthey're all the same pajeet fucks and should all be treated like the filth they are",0.8778702
"avoiding shitskins is what we want, pay is not that important when your countrie is a homogenous paradise.the mental image of earning big to make it big is a completly jewish construct that the boomers 100% fell for.",0.6289369
"full of pakis, just like london, luton, birmingham, etc. if it's a uk city, it's mostly shitskins.",0.7252971
saaaaaaars it's pakis and banglas not the poojeet brahmins saaaaarsjeets are the most pathetic shitskins on earth.,0.7510937
we don’t want to live around shitskins,0.6611249
"this country is less than 50% white and outside of the small population of asians, white men are the only one playing net positive taxes. also i don't want you to have healthcare. you fucking nigger shitskins need to die from obesity",0.9209984
it's so tiresome. i seriously can't believe there's any debate over what the worst fanbase is. kfp basically make this board unuseable. i assume they're a bunch of shitskins judging by the way they autistically screech every time someone dares say anything against kiara.,0.568186
"who cares about shitskins, faggot",0.91625386
get home from workopen polnothing but anti anti west pro zigger/chigger breadits all so tiresome.things must be going really bad for shitskins.,0.6289369
"i'm 6'3 and blond if you ever stood next to me in public people would think you were my butler or begging me for a visa.why do you shitskins act so surprised when we view you as subhuman shitskins? whats wrong with you, roachbro?",0.7252971
"📝 308 replies   most developed slavic nation, culture, civilization a western nation no gypsies, no shitskins, purely white and mono-ethnic  liberty democracy capitalism christianity  god bless america god bless poland",0.50503236
conversation is referencing immigrants who tend to come from the creme of the crap of nonwhite countries.  why would anyone think that shitskins do well here for any other reason?  they come here and it gives us and them this spurious image of the shitskins because they have put their best foot forward.    our race is superior to theirs and that is why they can escape the tyranny of their inferior gene pool and play games with racial equality ideas or even racial superiority ideas  because their retarded race has been sifted for the college students mostly.,0.62702215
"no different than a rusoid with swastika, fucking shitskins have no rights wearing those",0.9061063
pure nonsense idealism. niggers and shitskins won't fight for you in any meaningful percentages.  a leaf with the only correct answer here in this nigger loving thread.,0.8403191
you just start disliking shitskins and that's that,0.6989911
"it's literally the only defense leftists have had to anything for years is to ""basically prove what goebbels said about the jews 100% right, just with their npc golems too.""biden could right in front of these dipshits claim he'll murder an entire city with a nuke if he gets elected and 2 days later, the media will spin it and they'll remember it as ""no it was orange man bad who said that"" and then irrationally spazz the fuck out.the best is when they flip on issues they normally disagree on proving this, like when biden intentionally added a clause for border control to his kike funding bill he knew no one was going to sign to make it look it was the red kikes (you know, the ones they mocked all along for wanting stronger border control and being big mean jerks for not simply wanting the border open to millions of shitskins) were all of the sudden the entire reason there was a border crisis and not these shit eating faggots who supported him keeping them flat out open to anyone since early 2021 (despite ""the coof"" fears being at their high around then, but of course they can't handle such cognitive dissonance on why that doesn't mix.)of course, every faggot bunkertranny leftist went along with it and pretended to suddenly be the most pro-border control people and no orange man wants the border closed.it really is a fucking disease man, there is no hope for these cattle.",0.5721988
both ids appear at the same timeimagine being so mad you literally resort to samefagging lmfao.why are market shitskins like this?,0.681338
wrong. it's 90% shitskins larping as feds.,0.65996873
"hordes of shitskins crossing the border that think they hit the jackpot have no idea what they are walking into.better them earn their dues than you. its a unfair and cruel world brother. as they say, the stupid shall be punished.",0.8299589
that's a jeet but the answer is the same no matter what. kill all shitskins,0.8540474
there was no support. just shitskins spamming 1pbtid threads all of her donations were from corps and bidens camp,0.52811706
"living around them. used to only know well educated and well spoken minorities, now live in london and surrounded by room temperature iq shitskins, niggers and spics for a few years i despise them",0.743089
"because it's run and topic-flooded by ngos bots intel agenciesthat's what the catalog content 90+% on /pol/ consists of fake content'muh women''muh shitskins''muh jews''muh white race''muh amerisharts''muh women are''muh cultural degeneracy'endless insane asylum slapfight alt-plebbit crabbucket bullshit.don't ever comprehend what central banks are or what they do just keep slapfighting over the distractions spoonfed by gchq/ngos/unit8200, post more merchant memes that'll get us all somewhere while we still fail to comprehend what central banks are.",0.5721988
you are that cunty wankstain o.brien on lbc mook wheres my fiver reward i have wrotes stories talking about snatching and skinning him alive then letting shitskins bumm him to death no greentext in sol..no joke livstream,0.75208336
can’t wait to send these shitskins packing,0.6544696
"shitskins have abandoned indra after he slaughtered all the dvavidian aboriginals as chaotic hostile subhumans   despite being the original god of trinity of prehistoric vedas mythology, then shitskins replaced original trinity with their poop worship cringe of (((krishna))), which also sound like a christ, while simultaneously turning the whole thing in to abrahamic style monotheism where each ""god"" is just avatar, or even current ""reincarnation"" of the vishnu. majority of poos don't even know who indra is.(continued)",0.60311776
federal income tax is unconstitutional and shitskins are literally the only reason we can't finally repeal it,0.47886392
"daily reminder that ""american"" vatniks will never show proof that they're american because they're vpn shitskins",0.60311776
/pol/ is completely detached from reality ever since it was flooded by shitskins,0.6611249
but paying for millions of shitskins is a-ok suck a cock faggot.,0.95048624
"we are clearly superior to shitskins like you, though that isn’t a particularly high bar.",0.6863638
shitskins would still be in medieval tines if not for white kalashnikovs and electricity,0.6027529
"and i'm not saying that russia is some ""based trad saviour of whites our culture and traditional values"", that is a retarded kreml shill narrative that only absolute pants-on-head retards buy.russia hasn't been in russian hands ever since the jews slaughtered the family of the tsar in the judeo-bolshevik revolution, jewtin started as simply a puppet for the jewish oligarchs and now it a bonafire shabbos oligarch himself, his daughter is even married to a jewish banker, so jewtin is a jew by family ties, not to mention most of his friends are jewish oligarchs and butt-buddies from the judeo-bolshevik kgb.jewtin is going full on white genocide, he himself in interviews are saying that being russian is not an ethnicity, that muslims and jews are russians too, and he is importing shitskins to the country by millions.",0.50789946
not his fault that huwite womyn adore shitskins.,0.6289369
"i'm not missing the point, stupid. i'm pointing out that your stupid rant about invading shitskins places the blame on the wrong thing, stupid. if you weren't so fucking stupid, you would know why they're flooding your country, stupid, and it's not because of ""climate change"" you stupid fuck.",0.9563754
lmao these fucking shitskins come to our country and use a friendly jeet to get them a license that they haven't earned and they have no right using. jeet truck drivers are a fucking menace as if the regular drivers weren't enough.,0.9248995
"importing workers and allowing for the exporting jobswhy omit encouraging females to enter the workforce and promoting shitskins into college, two of the largest factors in declining relative wages and loss of respect for credentials? is it because you're a shitskin or a kike?i'm a millionaire who attended columbia for one year and was admitted to yale. i'm able to find success despite failing to pay my dues in the corrupt jewish academic system, so why should retarded freaks like you be rewarded for your incompetence?",0.6588125
"nu/pol/ is full of shitskins so it isn’t the same anymore, you can safely disregard most posts as coming from subhumans",0.6863638
"both them and their paki cousins are working overtime. those 20 rupees might be nothing but is something. most of the jewish press use shitskins for writing by the word and then some jewditor publish their work with little intervention. why should they care, seeing their audience?",0.49139655
"actually while rewatching it, it honestly looks like the actress is trying her best not to burst out laughing. it would be hillarious if in-universe ruby is basically trying her best not to laugh at the doctor's mental breakdown over the fact that the based white people are telling a black person off for trying to convince them of the 'benefits' of flooding your country with shitskins.",0.54823303
"biden helps hamas by handicapping israel.every other country in the world would love to be handicapped the way your demonic shithole welfare state is. you exist because we defend you and send you unlimited money for food and weapons, as well as training you bunch of diaper wearing shitskins and acting as your global pr arm.",0.6744087
the closest shitskins to me are in a different country.,0.5885171
"its obvious.chinks and niggers and a different species.maybe arabs and those shitskins that kind of look european, but shitted, are closer to us.trust your eyes, for christ sake. can you believe liberals are so retarded, that the deny what they simply see? like sky is green.",0.76197964
yes anon chinks are shitskins. you arent white or white adjacent.i want to be a dystopian kike hellholecanada already is that.,0.7252971
"though it is true that shitskins circumcise females, it is also true that jews circumcise males. you are jewish.",0.6491204
you shitskins are really asking to get blown out foreverislam will be destroyed and all its fanatics exiled and imprisoned,0.7998551
we don't need half breed shitskins promoting filthy jews.,0.8364697
do american cops also get stabbed by shitskins frequently?,0.60311776
when around shitskins you never stop at red lights kek. you fuckers are never going to make it.,0.8629672
"pilotskill yourself reminder that hamilton is nothing more than a subhuman fraud worthless animal looking nigger who got spoon fed by fia allowing mercedes to use an illegal car all these years just to bring the woke people into the sport and earn more money (the stupid worthless ugly nigger still lost 2 championships to literal nobodies… kek). he is the only champion in history that lost to the no2 driver in the team… worthless no frontal lobe piece of shit nigger. the worthless subhuman ape looking ugly nigger has more poles than wins, the monkey cannot even win from the front.look at that ugly nigger... flat nosed, protruding lips, no frontal lobe, gap tooth, bald monkey looking ugly manlet nigger...no matter the money or the fame hamilton will always be a worthless niger with inferiority complex, that’s why he always talks and cries about the abuse he received (kek.. that broke the nigger, made him suicidal and was fully deserved !!!)that niger will be forgotten the next second he retires... he never got respect and never will by real f1 fans... look at his fans... niggers, shitskins from 3rd world countries, trannies, faggots, keks, women (fat ugly and repulsive) and ugly fat pieces of shit (like that piglooking dismorphic sack of jew (it never happened, they deserved it, it will happen again) fat ted kravits or like that motogp fat dismorphic reporter simon patterson who married a burn victim maddy scordia that looks like freddy krueger…. disgusting and repulsive).the only thing hamilton will have after his retirement is the nigger in the mirror reminding him he is a worthless niger that every f1 fan considers a disgrace to the sport, every time he takes a shit he will be reminded that he has the colour of shit. once the niger suicides f1 fans are going to turn his grave into an indian shitting field as a fitting tribute to his fraud career.the fraud nigger will never… win… anything... ever… again !!!",0.8696708
"why are brownoids and niggers such insufferable pussies? they're always whining and crying about shit that white people did to them hundreds of years ago. they're always like ""white pepo enslaved us yo. we wuz colonized and sheit. das unfair wahhh whaaahh."" they only have themselves to blame when it comes colonization and slavery. if shitskins had actually been smart enough to invent shit, they wouldn't have been so easy to colonize and enslave. they probably would've been able to defend themselves. but obviously the people who were building elaborate cathedrals and invented guns would easily be able to conquer the morons who sat around wearing loin cloths and still used a sharpened stick as a weapon. i'm sick of shitskins crying about the fact that they got colonized. the reason you go colonized is because your ancestors were retards and didn't invent shit. our ancestors were innovative, so they won. plus, you don't get to cry like a bunch of faggots because we took your natural resources after we conquered you. half the shit we took from your ancestors, they didn't even know what it was, or know the value of. most of your shitskin ancestors didn't know what farming was, let alone how to mine precious metals out of the ground, refine the raw material and create useful products from it. if your ancestors knew how to do that, they wouldn't have only had a sharpened stick to defend themselves when our ancestors showed up. so just stfu and stop crying like a bunch of pussies.",0.83334327
it's important to remember the difference. shitskins get android because they're poor. whites use android because they want more control over their devices.,0.52811706
who's fault is that?our (((enemies))) but technically also ours and our forebears for not fighting harder.who gives a shit about fault lol.why do shitskins still exist?because the people we let rob us keep feeding them with our money lol.soon there wont be enough money left to rob. then no one has the option to do-nothing.,0.60254884
"there's so many shitskins moving out of my apartment building. each time i walk through the hallways i see more and more swedish names.vi är så tillbaka, pojkar.",0.57271194
any course of action that removes shitskins from white society.,0.681338
i would happily take trains or other public transport occasionally if they weren't full of niggers and other shitskins.,0.8252207
what's the american equivalent of this?white man fighting off multiple shitskins cops arrive of them begin kneeling and blowing the shitskins of them magdump the white manclose or no?,0.6407703
maybe if you didn't let churches and the vatican flood your countries with shitskins you wouldn't have to listen to them proselytize my religion to younow this is some chutzpah.,0.52007306
"kind of jealous it happened in england and not here. now that shitskins see that white people aren't fucking cucks and actually have more than a bark to them, they're going to be really careful around white people in other countries. i don't think race wars can spill over into other countries.",0.65996873
isn't all fantasy shit full of shitskins and lgbtrannies now?,0.8988238
that's pretty gaywhy are shiny things so important to shitskins?,0.8540474
"white people hire an even spread of races and genders because ""muh diversity, muh equity""shitskins exclusively hire their ownwhite people forced out of job marketwow! shocking revelation!",0.55739564
wall of text cope posts complaining about having to readit’s always fun seeing shitskins break. you all give up eventually,0.52007306
the same thing as usualthe shitskins that want you to think they're white are upset that a guy they heavily shilled supports what most people do. now they have to do damage control and pretend they never liked him to keep up the appearance that they're white.,0.5885171
"when shitskins gang up on whiteyle goodwhen whitey gangs up on shitskinsuuuuuuh...ummmm...le bad oh fuck off you disingenuous nigger. what? can't adhere to the rules of your own game? you don't like it when a larger group of whites comes along and talks our shit, do ya? too fucking bad, you idpol cunt. you should have known never to go down that fucking path with us. look what happens when we do. you have to go beg and plead other white people to intervene and stop us.",0.9061063
"lol funny how shitskins and mestizos just expose themselves through a simple question. papers don't make you something, blood does. put those magic dirt theories away.",0.5885171
"you can't leave anywhere, you retarded lakhta faggot. you are here in your office to shill on cuckchan 24/7 and kvetch at hohols to meet the quota, while getting rammed by shitskins.",0.8540474
"at this, only shitskins, half the stores seem to have chinese names",0.6588125
"said by england and france, people who literally (and i use this word correctly unlike you) owned a good 70% of the world at the time.good. if you think germany should've taken their place then you'd have to be german. it's the only way it could've benefited you.but you aren't. most shitskins in this board who are pro-nazi germany are just seething bricscels.",0.5024724
"doesn't matter, your end is already clear.right before me, i can see it.i can sense it.i can feel.the destruction of the mohammedan.the eradication of the eternal shitskin.embrace the bloodshed, make the shitskins blood rain upon god's earth.how beautiful will the world be, soon, soon enough.",0.6989911
based snoy btfo'ing tendie shitskins,0.6289369
"anime conventions, anime events etcs are filled, to the brim, with smelly, retarded welfare niggers and shitskins that live on the state's buck/parent's buck.",0.78207105
"shitskins won't ever respond to this truthfully. they go en mass to other countries, cause a lot of shit and cry when people react. brown races are a huge pain in the ass that we do not need the slightest.",0.85850734
i truly don’t understand why they are like this. are they not concerned that an economy fuelled by sub 95 iq people will simply not work? removing low iq shitskins and instituting mandatory eugenics should be their number one priority.,0.48021027
"i don't think it's plausible either. what the sign tappers don't understand is that the rot is so deep that ""meaningless concessions"" as they're calling them aren't going to rope people back in in the short term. for them to get an immediate roi it would have to be massive systemic concessions. for instance if trump got in and started mass deporting shitskins and making companies give hiring preference to white men while maintaining a pro-israel posture i'd be very worried. something like that would turn the attitudes around on a dime. but this whilelook, bud light gave a half apology for the tranny beerortarget moved the fag clothes to the back of the store!level of ""concession"" that gets cited is hilariously tone deaf. nobody decides they're willing to die for a country that hates them with a few fake gestures like that over the course of a few months.",0.3827457
you shitskins can have it i'm already loading rifles in the woods with groups,0.7105462
"donald trump says a lot of things. it's not impossible they would do it now though. remember pic related. they know they need to restore their legitimacy. deporting non-citizens en masse would be an extreme measure but it wouldn't sink the (((project))) entirely, there are plenty of legal shitskins here now and nobody's talking about reducing the quotas or taking in fewer (((refugees))).",0.39021665
we did it just fine before the invasion of shitskins.,0.6588125
well most truckers are shitskins so it's not that big of shocker,0.64447093
they are talking about how jews control the media to make goys think trannies and shitskins are good.,0.681338
"omfg hundreds of millions of whites manage to interact with white society just fine but retarded tribal shitskins can't cope with following rules and pursuing productive lives so they lash out and the retarded white man, full of pathological empathy, thinks ""am i the problem?"" fucking hell",0.89241093
"wwe crowds are poor, subhuman shitskins",0.8540474
"you (((shitskins))) are not real jews and nobody believes you are. black israelites call you out as being fake jews, jews call you the erev rav and christians call you the fake satanic jews of revelation3:9. it’s retarded that you keep pretending anyone on earth actually believes the fake jews are actually israelitesyou aren’t and we all know that pic related (((you)))",0.8115627
"i wasn't aware there are 2 billion pakis (from 300m in 1950) and they are infesting every corner of the earth, taking all the good jobs, and destroying civilization, pretty sure that is only hindu shitskins. also it's always hindu shitskins subverting these boards and shitting everything up and posting from our countries. notice how this paki   is the only one who posts here and doesn't hide his origin and make subversive shill posts? sorry but they are not the same and never will be. pakis are based aryan warriors who kept the west safe from hindu shitskin rape rats flooding in and raping everything in sight. and now that we intervened in the natural order, every part of the globe is being flooded with rapejeets. no faggot, i'm not going to hate them both at all.",0.6027529
ok raj. go back to the shanty hut now. white people are taking. if we needed to talk to a shitskin....well we won't because fuck shitskins,0.8988238
shitskins assemblekek seething poor brownoids,0.55739564
"mmt is not really capitalismthe chosenites are using mmt to kill of whitey, as long as whitey has money and is happy cooonsuming we will accept shitskins in our countries",0.62136006
"oh thats rich, you monkeywhy then is all of europe and the us and canada full of shitskins, if the problem is germans?huh?",0.72028047
"the best organization was in the soviet union because work anywhere outside your home region was limited. in my grandparents time moscow was full of muscovites, now moscow is full of shitskins and villagers",0.6027529
it’s ok. i visited maastricht and it was paradise compared to where i live. almost no shitskins and there was even white music in cafes and white people in ads. in france you only hear african music with auto tune and you only see shitskins in ads.,0.584095
"ummmanon first of all you don't give a flying fuck about whites, so i'm not supporting your inbred sand niggers sorry not sorrysecond of all the amount of people that died compared to the total population of ""palestinians"" is insignificant.there's almost 5 million shitskins that call themselves palestinian.30k have died in a war, that's it. so shut the fuck up about genocide and fuck you for pretending to care about whites when it's convenient like a proper kike. god you shitskins are all the same, can you just actually wipe each other out in a real genocide and rid the world of your conniving kikery. light yourself on fire to stop the nigger genocide bitch",0.88599813
i'm the only white person here and it's obvious. you retards are just a bunch of ugly. fat. seething shitskins,0.90451443
"it's to show your pedantic behavior. there are other versions of this, which i hope someone posts.the basic facts remain. haitian shitskins are fucking up an ohio community by killing and eating pets and protected wildlife.kike assholes like you will defend their rabid pitbulls to the very end of times and won't concede basic facts. a similar situation unfolds in palestine with the palestinians. no explaining thing to jews.",0.7510937
"they hide from shitskins, so you've never seen one",0.62136006
shitskins can't digest milk properly because their mother's don't love them. it's an exclusively white trait.,0.6289369
"""comradespiderman29 said: no matter, what eventually, the majority of whites will become, right wing and murder/deport all the shitskins. you can also tell a lot of people have become right wing in the last few years. whites won't get replaced. might happen in america, but certainly, not in western europe.""click to expand...""denmark is apparently tightening migration view:",0.47119883
"""walkable cities"" only make sense in safe, low crime (re: white) areas. they're a terrible idea in a country like america that's teeming with violent shitskins, homeless junkies, and illegal invaders.",0.6027529
"wish 1i wish for all fags, kikes and shitskins to be brought back to lifewish 2i wish for a bowl of buttered popcornwish 3i wish for all fags kikes and shitskins to be executed",0.90451443
"white people do not ""disproportionately commit bestiality""we are the only race on earth that actually considers it worth going to jail for.it's legal in most of mexico. sorry, truth hurts.also, kike police label every other spic sex offender as white. facts.shitskins commit the majority of bestiality worldwide and in the us. shitskin countries allow bestiality. sorry. facts.if shitskins took their dogs to the vet more often, they would have them confiscated for all the beatings and rape.but shitskins do not even take their dogs off the chains in their backyards.facts.if a shitskin found out another shitskin raped a dog, they'd laugh and tell him where to find a hooker instead of calling the police.if a white person found out another white person raped a dog, they'd call the police.shitskin countries in south america, africa, asia, and the middle east play host to the majority of the bestiality worldwide.white people police their own. shitskins do not. they will lie even if, especially if, a shitskin killed a white man. ask /pol/ about reporting bias. the news hyper focuses on the 2 crimes committed by whites that week while ignoring the 20 black rapes and murders. journalists make excuses for the way shitskins treat animals.if you somehow forced every nigger and spic in the us to take their dogs to the vet today, and swabbed their genitalia for human reproductive fluids, you would catch thousands and thousands of zoosadists.fucking animals is a distinctly non-white activity. white countries outlaw it. brown countries ignore it.the only reason more white people are arrested is because they're the only ones who ever have their dogs supervised in any professional capacity, usually by other white people. veterinary medicine is a 95% white field because shitskins can't imagine caring for animals. yes, shitskins abuse animals by beating and raping them, while other skitskins do nothing about it.",0.7308154
teach monkeys how to be humantrust me bro just do it brobro plz bro just babysit the monkeysplz bro just be like me and let shitskins make no-go zones in my country,0.6544696
all the femboy shit is just spammed by shitskins and chinks who know a prettyboy like cloud could get their gf/oneitis to cuck them in a heartbeat,0.8540474
council brownoids calling anyone brown when they're all confirmed shitskins grooming,0.6491204
"or maybe us crackers have just always been good at shit and better at shit than you shitskins by a massive skill gap margin. you cope with this by thinking we just want to be worshipped by a legion of actual literal shitskin retards that slaughter each other for a crumb yet breed and consume like locust hordes.the truth is not somewhere in between. whites can appreciate japanese culture and history, an average shitskin can not.b-but ubisoft says we wuz samyoureyes n sheeeeeit",0.83334327
"they're pandering to shitskins who multiply exponentially every year and not whites who are dying out, losing institutional power everywhere, and won't leave anyway because it's their religion.",0.584095
"not caring is more powerful than having them living in my mind rent free.you have them bringing shitskins to literally live rent free in the west though.by the way, stick your anime up your asshole already. i'm happy this thread discusses more and more bengstons work.nobody discusses fagston other than a retarded samefagging tripnigger.",0.8115627
"you don't get to use the ""mutt"" meme if you are a shitskins or an eastern/southern european btw. i mean you can but it sounds ridiculous coming from you and makes you look pathetic.",0.72028047
"daily reminder that shitskins are the real incels. that's why there's a whole incel army in africa. theyre cucks by nature as well. they are less than us and always will be, and they seethe constantly over this. they want an islamic takeover so they can be given the pussy they can't get without being handed it. now watch them seethe over this post and laugh.",0.72028047
my grandkids can't grow up in some run down hellhole formerly known as america.working harder to make some jew more profits so they can lobby the government to import more shitskins is going to improve america,0.5921536
"hitler decides to invade russiathe cowardous and always speculating anglojew joins the war when hitler starts losingoy vey what a chance for control!!quick, let's join the alliespewpewoh yeah, fuck those peripheral easties lmao we don't need those poorfagshello west, bye religion, hello welfare state and liberated women, would you like 1 or 2 dicks up your anus?this is why i like watching your country get fucked by niggers and miscellaneous shitskins",0.9248995
rootless shitskins. and they're in every developed country by now. even japan is tasting the brown diversity these days. globohomo is global and jewish and is happening everywhere.,0.6544696
"""dr. autismo said: 			shitskins taking advantage of whitey again, nothing new there.		click to expand...""",0.51980776
"lesson learned the hard way. anyone experienced with buying on marketplace knows to not deal with nigs, or any browns for that matter. they don't take care of their stuff. i don't care how good of a deal it is, do not deal with shitskins, buying or selling.",0.60311776
"when is this madness going to finally end /gif/? i am serious here. i can't imagine most guys are going to want to tolerate this nigger/muslim shit for much longer. all of this race mixing and cringe fetishization has completely destroyed relationships and the family unit. they do it because brown/black women are just not as attractive and this is a fact. if they were these shitskins wouldn't be so thrilled to get white pussy and literally wanting to run across the border of their shitholes to get some. of course they still fuck their own women why wouldn't they when that is their most immediate access to females but i guarantee if you could read the minds of these shitskins you would quickly see that the majority crave/lust for white caucasian women and its as i said white women are prettier.this is not sustainable for obvious reasons. if everyone lusts for and goes after white women that means only dirt skinned women are left and clearly most guys aren't going to be as into these women. especially not white males. everyone is going for white women, leaving dirt skinned ones available. to the thrill and enthusiasm of absolutely nobody. nobody wants to fuck or be with inferior women and these shitskins prove white racism right every single time.",0.7856813
"i'm not going to do pic related because all bikers are self-important nigger, spic, or white trash who deserve to be run over and killed for constantly disturbing the peace.bikegolem are more of a nuisance than niggers with their nigger music blasting from their nigger radios. next time i'm out on the freeway and there's few witnesses, i'm running you faggots off the road, then i'll stop and stab your stupid nigger body a bunch of times. subhuman god damn trash. and these subhuman bike niggers think they're cool because they can go fast. they think people are bothered by these subhuman bikerniggers because they pass people on the freeway, no, it's because you're all a fucking nuisance and noise disturbance and always disturbing the peace. why don't you go faster and die earlier you god damn subhuman shit, nobody likes you god damn bikenigger subhuman trash. not even surprised that /dbt/ niggers are a bunch of sjw golem crying about waycism too, just a bunch of subhuman god damn shit. act all tough and cool and they get their panties in a twist when you call them the niggers that they are, can't even handle words and they act like tough gang members, what a bunch of literal fucking niggers.fucking pathetic bikeniggers. i'm going to start killing you fucking retards tomorrow. run you off the road and stab your stupid nigger bodies and i'll be laughing the whole time. literally nobody other than your fellow bikenigger trash will mourn you.i will kill you in real life.must be all the curryniggers on this board, bikes are more prevalent in shithole third and second world countries full of shitskins. bikes are for shitskins and you're all going to fucking be murdered.",0.89241093
"no because their observations are exaggerated. it is critical that a woman finds you physically attractive, almost never does that mean you must be meeks.most incels are shitskins and autistic.",0.72028047
us italians are way more racist you faggot nigger. your cities are full of shitskins and sandniggers don't you even dare,0.9391453
oh i guess america is still racist because the kkk existed 50 years ago. stop living in the past. ever since abe got shot they have been mass importing shitskins by the boatload and nobody cares,0.60311776
"yeah i just saw thisindian shitskins on the top 10 list of countries seeking namibian citizenshipit's unbelievable, there is literally no where they won't infest",0.6611249
the main reason for all this dysfunction is you shitskin subhuman slaves being used to devalue our laboryou're fortunate if white men dont exterminate all shitskins by the end of the century,0.8364697
you can remove enemies of the white race they outnumber us ten to one globallyso if you kill twenty-three shitskins then it as if you are having 2.3 chrilden.,0.6667219
"yet you’re having a go at a smart, productive white man who can’t find a decent partner.by your logic the reverse are the deserving ones, the ones with most kids are shitskins and white trash. that’s the measure of success? the gene types that deserve to go forward into the future?",0.5885171
"what does that even mean? you can't even string a coherent sentence together, you retarded shitskinned brown pubehead. you have as little chance of fucking that girl as do the shitskins in the classroom.",0.90451443
"don't waste your time. the asians ate brainwashed retards, just like the shitskins. they'll be the new white people once we're wiped out.",0.7570315
the government doesn't care about the shitskins and quisling of /pol/. they learned from j6 the alt kike isn't less threatening than antifa troons.,0.57271194
no we shouldn't. if you want free college. you should have worked hard and gotten a scholarship. letting any nobody go to college for free and get a phd on the state taxpayer dime is why doctors are making 30k over in bong land.yeah all those niggers and other shitskins who got free college had great grades and got scholarships totally on their superior academic abilities. honestly go fuck yourself.,0.8299589
"while the migatards are licking russian anuses, the kremlin is importing thousands of shitskins and muslims into occupied territories, like they do back home.",0.85850734
we told you. it's over. you niggers can have this shit hole planet. good luck when the whites aren't here. shitskins will be literally eating each other alive if whites disappear.,0.88599813
"indians are not human beings. they are the ingle most disgusting animal to ever exist, they are by far the most subhuman of all the shitskins. everyone hates indians, theyre even more hated than niggers now.indians have no brainindians have no soulsindians smell like rotting corpsesindians rape animals and childrenindians are all thieves and scammers indians are slaves to dumb to do even basic work like pumping gas. when they inevitably get fired for being retarded animals, they become full time parasites leeching off social assistance until the infrastructure is destroyed entirely. the whole world unanimously hates inidans, they’re utterly worthless beasts, dumbest creatures on the planet, so abhorrently repulsive that people would willingly choose to live near feral niggers instead of these subhuman shit goblins. indians should be abused and disrespected at all times, they have no value and they’re total cowards. they never fight back even when they outnumber you, they just bob their stupid shit smelling head and run away screaming “so sorry saaaar it wont happen again saar”. slap them, spit on them, push them into traffic, doesn’t matter, they’re worthless cowards and every single indian dog should be flushed for the sake of humanity. most disgusting animals to ever exist.",0.8988238
"i did my part bros, hope you kikes win so that i can baske in the seethe of the commies and shitskins.",0.6027529
doing it wrong. need to tie jews and other shitskins to the tracks.,0.718943
if you hate grifting shitskins so much why do you make threads about them constantly?,0.6426206
apparently welfare to shitskins and arming former arab colonies is strategically more important,0.51980776
wtf am i reading?idk the koran? iran will probably get fucked because they cant stop chimping out. trump isn't a warmonger buts he's not a peace at any price cuck either. most shitskin despots get that. putin got that. iran was the one group of shitskins that thought they could fuck around last time. likely they will again.,0.85333383
"""lazy_gamer_423 said: meanwhile shitskins breed like rabbits""click to expand...""my race may be growing rapidly with foids simping for us on mass but whites are the fakecels because they can pay to have sex with an ugly prostitute in sea who is likely a tranny",0.82048255
yes.go set up a stand at a farmers market like normal people. shitskins trying to set up their bazaars like it's their shithole country they fled from.,0.71760553
"you're not a real man if you don't pick fights with 80 iq shitskins in public (blaming men)you're not a real man if a woman does something stupid (blaming men)it's not the woman's fault that she's a whore, it's society's fault (women have zero agency)same old tired arguments.",0.75208336
just start killing shitskins,0.8252207
"hello, i'm the slave of hell. in hell, i talk to shitskins through a tube in the ocean and trick them for easy dopamine hits delivered through my brain. i am in ecstacy speaking to these mutt medleys. these pieces of shit are my only friends in hell.",0.89241093
"…and subhuman jews, shitskins, sandrats (not just afgans), and niggers.",0.8460273
defund the police was literally the based protest you kike. pigs always protect shitskins.,0.74954444
"you have magafaggots amongst you, which is exactly what i'm trying to point out. you have ppl all over the place all pretending to be on one side yet contradicting each other at every angle. now you talk about embracing leftist tiktok shitskins because they're anti jewish, what kind of fucking clownshow are you trying to run?",0.8115627
"all russia supporters on pol and fucking brown eyed 2nd gen shitskins, they have low iqs so it wont register",0.90451443
just don't make any of them sound like shitskins. everett mcgill was one of the best parts of lynch dune and he sounded like gigachad come to life. nobody wants to hear halal bullshit.,0.8299589
kikes and shitskins have ruined this siteso fucking boring when all the threads are retarded slop bait,0.91625386
"are these boomers with us in this thread hiring shitskins right now ?!its equity firms that hire dei shit for esg point you dumb fucking slav nigger.but yeah boomers suck too, but at least direct your hate towards the equity fund jews",0.9029226
"‼️⚠️achtung deutschland⚠️‼️ 🇩🇪 🩸   at least 4 people killed in a mass shooting in lautlingen in germany.  perpetrators can only be sandniggrs, niggrs and or shitskins",0.76197964
jewish terrorism using weaponized shitskins.,0.78711975
day of the flush is coming for all jeets and shitskins of every hue.,0.5559701
russia is evaporating its shitskins becoming whiter in the process at the same time removing judeo-feminism from jewkraine which will lead to much higher white birthrates in the long run,0.6027529
why is everyone here simping for some other race except whites? are you all shitskins?,0.7510937
"america was a colony, not a ""colonial power.""americans never went around the world in search of new places to ""civilize.""america just happened to be an anglo-saxon colony, which are the only ""colonies"" that survive in the modern world.anglo-saxons established colonies in areas of the world that were sparsely populated by shit colored inhabitants, which is the primary reason for their continued survival, imo. superior technology facilitated their ability to migrate and subsequently outbreed the prior inhabitants, whom they were able to quickly outnumber. in the temperate zones of the earth where the non-civilized shit colored inhabitants existed in large numbers this phenomenon was impossible to achieve due to the already existing numbers of the so-called ""indigenous.""  the spaniards were so vastly outnumbered that barely a trace of them exists in most of the lands they conquered south of the current us border during the colonial period, when they so foolishly stopped the red niggers of mexico from eating each other. the ratio of whites to non-whites in the colonial period determined the future, and ultimately defined the modern ""west"" as we know it.  numbers matter. which is why they are currently importing and breeding enough over breeding shitskins to quickly outnumber us.",0.45757914
this is why i prefer mutt cops. they would have blown that shitskins head off the moment he spawned the knife.,0.6611249
/pol/ is one personimplying anyone with a brain here supports either of these sand monkeys be it kike or mudshit.the one thing you can pray for is these shitskins kill eachother even more. also think its funny that kikes are now coping and think they are white.,0.6989911
where do you see me saying anything about an open border? i say completely close it remove all shitskins legal or not! is it's too hard to think outside this fake republican democrat puppet show?,0.5716857
"i'll have to dig some eurostat, haven't checked how germany is doing. sad to read your post. you are more racist towards slavs than shitskinsi agree with that. i could say the same about how uk perceives poles vs shitskins. it's really weird when you calmy think about it.you killed ethnic germans in bromberg and started ww2it's german propaganda justifying invasion of poland. hitler would attack poland either way, with false flags or not. was the aggressor and your kvetching won't change that. very disrespectful of you.",0.50789946
"i was just about to write something as a post, but this is a better.   i just want to warn people that the 2nd amendment is not any good as a defence any more.  it has to be used as an offense.    when jews start the war against whites by arming shitskins, white people will run out of bullets in one day in most cases.   we have no bullet factories.   we have no place to make bullets or bullet materials.  jews have an endless supply of both bullets and bullet supplies.    if we don't seize those things for ourselves now,  jews will be able to send their shitskin armies into every city of the west and make it look like gaza or ukraine.    this is how far we have allowed these monsters to get in their race war against us.    if we don't act preemptively to waste every politician and law enforcement body in our nations,, will might as well use our bullets on ourselves.",0.45549932
"the rnc literally had satanic nigger porn stars (of whores are porn stars), trannies in dresses, shitskins performing their shitskin religious prayers, sodomites celebrating the republican acceptance of sodomites and more.",0.85850734
do shitskins really think cumskin is a scathing insult?t. cumskin mayo monkey,0.76523775
"but will they be charged and if so with what?i doubt it, since most of them were wounded by the attacker and haven't hurt him that much, making it ""reasonable violent"". they just need to keep their mouth shut about islam/shitskins/etc. otherwise they are fucked",0.7510937
brown  shitskins you mean ruined society like niggers,0.91625386
shitskins strawmanning themself after getting hit by yemens defense force then getting caught posting old footage from marchkek,0.57271194
based people who protect mudslime shitskins are just as bad as them,0.7701451
"jewish lawmakers (89% of congress) are buttfucking us blind. shitskins rape and pillage whites with impunity. yet, if we defend ourselves we are racists and antisemites. it's time to dismantle antiwhite government.",0.83334327
"jews want us fighting in the street with nigs, muslims, wetbacks, and assorted shitskins, that way we are weakened and distracted from their plan for world domination",0.7510937
s...shitskins dont eat shitfound another nigger migrant.,0.911035
zog just want to keep their shitskins from rioting because it shows how weak handed they are against their imports.read what i wrote you dumb cunt.,0.88599813
i truly don't understand this woman.imagine wanting to lead a nation of 100 million of you barbaric cartel shitskins.,0.71760553
"high iqever been with a girl wearing tights or skinny jeans and she takes them off and suddenly her body is like half as attractive?since i am polackcel and our foids prefer shitskins over poles i am full khhv. the only place where i saw naked foids was in naked sauna complex, and yeah, i was afraid before going that i will get boner there after seeing naked foids, but it didn't happen.",0.53579444
at least i don't inbreed as much as shitskins do!bro...,0.6407703
"""whitepilledrage said: 			so shitskins can be ugly, but still get white stacy pussy? then why is this forum a thing?		click to expand...""those french white stacies are white guilt ridden whores who are eager to ""clear their consciences"" because of the actions of their ancestors.",0.7701451
"the shills have this inbuilt insecurity where they leave their training and just start behaving very emotionally if you push them, just call them shitskins because they are lol",0.5885171
"if ai causes mass unemployment leading to ubi, won't that lead to shitskins leaving europe? after all the only reason they're here is because of money. they hate our nature, climate, our cultures and values etchow will the kikes keep the shitskins in europe after implementing ubi?inb4 durrrrrrrrrrrrrrr i'm a 95iq fucktard and you're stupid if you think the shitskins want to leave when they can live on welfare in white countriesthe entire premise of the thread is that mass unemployment causes ubi to be necessary. how will the jews keep everyone prison to the countries they reside in. all the shitskins will want to take their ubi and go back to sandland at least during most of the year",0.718943
jewsshitskinsgiving women powernot necessarily in that order.,0.62702215
have they all invested it in property in the city? maybe ask yourself why nobody but shitskins are stupid enough to do that.,0.7570315
do you always get this upsetti in your spaghetti when you see dead shitskins?,0.681338
"shill bros...are jews really low iq inbred shitskins? what happened bros? i thought inbred jews were highly intelligent. could it be the reason they rose to power was to betray, backstab, lie and murder anyone to gain control. resorting to tactics such as poisoning innocent people? derailing trains, expelling hazardous chemicals into the air, burning chicken facilities, destroying bridges and posting gay tranny porn in /ptg/",0.78207105
"this isnt what makes them evil, shitskind and niggers are abominations to human kind and anyone who has lived among them knows this. what makes them evil is that they are syphoning in millions if niggers and shitskins into the us for us to suffer with as they openly exterminate them in ""their country""",0.78855824
the shitskins have arrived,0.687436
chinks do it too. fuck shitskins,0.91625386
"niggers and shitskins are 78% of their religion, now.",0.85173553
plus most of the safe seats are now filled by wets or shitskins.,0.6027529
"the average probably did, we imported a lot of shitskins and exported what few brain cells we had90iq is generous",0.5566829
ten million in ten years. the vast majority are shitskins.,0.6827122
feed the children campaigns in the 70’s and 80’s for africans and other shit holesimportant tones of food paid for by gullible goys mostly women causing a population explosion“white people not breeding and troubles in the turd world fighting over the food means we need refugees” said moshaimport millions of shitskins into white countries that your grandmother and mother helped create with donation of you grandfathers money and now you must pay for it too is there anything more insidious?,0.6491204
"cozy, at least on my country. burgerland was always more full than mine at least in the start, today is basically the same thing fill with normies, christkikes, shitskins, leftards and all types of cattle and npc. sadly.",0.50759226
"it's way worse than that. if you live anywhere near a major city. toronto, vancouver, montreal, calgary, literally 30-40% of the people you see will be pajeets. and if you live in the major city, it's 60%+. and if you don't live near a major city you're probably on welfare. so it's either, a) deal with insane rent prices and seeing shitskins literally everywhere, but have a chance at having a joborb) be a country bumpkin and live off of welfare and eat kraft dinner everyday.",0.39669925
shitskins thinks he's a member of congress lmao,0.6308517
"and no, the shitskins that go abroad are mostly from the higher casteslow castes and dalits can't even afford to buy a plane ticket, forget the accommodation and other stuff",0.62702215
no but i do hate shitskins and failed groomers.,0.7510937
"you can move anywherehell no. moving to a foreign country is easier said than done because not only you have to learn the language, but also have to get a job and get accustomed to the culture you aren't used to. it's not like i can just hop on a boat to europe as a refugee.muh no niggersbeing around shitskins in their homeland is much better than being around shitskins in your home country. it means you're getting replaced by the newcomers.you voted for degeneracy!i didn't.just geomaxx bro!geomaxxing is probably the most degrading thing a man can do. imagine having to pay $2000+ to an 80iq brown macaquette and all her relatives just to get your dick wet from time to time. the monkey will probably extort money and citizenship then leave. of course you wouldn't understand because you have russian whores everywhere in your country.your shithole is at least better than le favela!it's cold and depressing. it's just a different kind of hardship from that of favela's. at least they have a nice climate and a sense of community.you can geomaxx to have affordable housing!most firsties aren't even that rich, which means they can't afford to go abroad to live there in the first place. as i mentioned, living in a foreign country is not easy even with one of the strongest passports in the world.",0.6544696
shitskins still use the trains the anglo left for them,0.6308517
walk around in any major city you will see shitskins everywhere,0.5972042
only a white man would make up such a retarded story and pretend to be a woman who now exclusively dates shitskins because she had a bad experience with one of her 10 boyfriends,0.7252971
"the only place people are still kind of open to massacre shitskins is in the north, check out friesland",0.62136006
bongs need to find these shitskins talking heads and stomp them out.,0.6989911
"when 'based shitskins' start getting killed you just know this dude will be the first one crying that it's jewish to shoot rapist muslims in european cities. don't pay it any mind, because he's way beyond a weak male- he's so beta he needs people to not fight back at all in order to have a 1% chance at winning.",0.64447093
respect shitskins or they'll attack youwhy is it bad if they attack people who respect them?nice pilpul kike. imagine how small your dick and muscles are lmao.,0.8252207
gangs = different breeds of mudslimes and shitskins that reproduce on our soil what they do in their shitholes,0.8460273
west and north get colonized by shitskinsyanks and cali wali's colonize us in turni don't be reckoning so bubba.,0.47119883
"the problem is sexual possession of these breeders to a single man to breed his 10 children. each of those 10 children should have a different father, the mother paid by the state to gestate different men's genes. up to 9/10 remaining women are expendable and the population is stable.i didn't read that part. womens' rights should be given away. as many women removed from the workforce as possible and instead incentives for having as many children as possible. women who refuse are forced into gulags. shitskins who have more than one child go to gulags and are sterilized.",0.2854699
"/pol/ is now 100% justshitskinspro-islam shitskinsjewish-instigated generational warfare, muh zoomers boomers goomersliteral schizos, muh demons are giving the cia telepathic weapons which then they are using on incel shutins like mepsyop threads telling you you must support either pissrael or pooplestinedid i miss anything?",0.61223894
they took 1000s of white mens before you left overs are only good for shitskins,0.71760553
basedfuck shitskins,0.8364697
shitskins are the biggest christcucks idiot. i just don't larp over a jew on a stick,0.85850734
"billy is a jew and green day is from berkeley. all the white people that used to listen to them back in the 90s have disappeared from california.can’t imagine zoomers even know who they are or who he is. i’d guesstimate their audience is probably 90%+ balding skinnyfat white millennial leftist manchildren. i know he gets paid to espouse leftist political viewpoints by kikes, but once the democrats further and complete their demographic replacement of america, he won’t even have an audience left to sell albums to, lel. that’s what i don’t get about these white big name artists who sellout for a quick buck from their jewish managers. do they think shitskins will buy their music?",0.45751464
"people need guns to shoot people like you, niggers, morons, and anti-whites.  gun violence is incredibly low here and it's nice.shitskin and nigger violence is increasing. in the us, banning guns would lead to white people being defenseless prey for the shitskins and niggers.",0.88599813
implying irish isn't scumconviently forgetting about shitskins and chinksat least unlike brits and irish they are white.,0.60311776
"he literally imported a record amount of his fellow indian hindu rape rats, which is why all over 4chan its only you inbred hindu shitskins posting from our western countries.import 4x more indian hindu male rape ratsdeport a few more blacks and muslims who actually build civilizationhow do you do fellow goys, vote for le based anti-immigration rapejeet",0.7570315
"pay more.this is the basic concept of supply and demand of a free market.you are already importing unlimitrd shitskins for cheap labor. if you are still short, your business sucks, and you need to go out of business.",0.60152835
its this retard againtop kekhere is ops story:hes a jew from moldovia squatting in russiafled from russia to germany because putin hates gay people and because he hates living among poorfag russiansin germany he was only allowed to mop floors because hes too retarded (cant even spell deutschland correctly lmao)then moved to usa where he wagecucks in a walmart with niggers making minimum wageseethes all day about being poor (hes jewish and money is the most important thing for him)keeps making threads seething about germany because german people didnt accept him (we hate shitskins)he literally made like 50 of these seethe threads in the last 6 months or so.,0.7510937
white people are so evil but we can't stop living among themjews really are shitskins.,0.88599813
"""bcroger said: 			chinese want to be white, but the usa wants to be non-white. our government keeps importing shitskins like nothing.		click to expand...""the irony bro, ultimate cuck era",0.61223894
idk about you guys but i love that shitskins and slavs are killing each other and i hope they wipe eachotber out. just wish palestine would get on the ball bc it’s pretty uneven right now and they won’t last much longer at this rate. we need both sides populations to be decreasing by the same percentage.,0.6027529
"we will bury you. we will kill and torture thoudands of you! hundreds of thousands!please kill our politicians, so we can deport the shitskins and act diplomatically to stop the slavic brother war",0.85173553
such a shame.... the only thing they had to do is not genociding white nations by sending millions of shitskins.,0.7105462
why do shitskins get cracked so easy?,0.60152835
"international volunteer legions when, fellow bong. i know glowniggers read this place, but it seems that we have new uninvited jeet guests shitting up the place ( pun intended ). the glowies and the shitskins are getting scared - godspeed bongs, may god bless you with righteous and merciless fury.",0.5779532
"i'm realizing that you are all faggots, trannies, cucks, and shitskins. i have nothing in common with you people. robots don't exist anymore.",0.9061063
living among shitskins isn't an option for anyone with any shred of self-respect.,0.6027529
the downfall of germanics is comingthen we risethis is how shitskins think.,0.6491204
"the leftwing thinks they're smartertheir composition is 75% shitskins and 25% white fags, junkies, old feminist bitches, and other spiteful mutants",0.8629672
"why do shitskins pretend they aren't jew golems?friendly reminder ""muh based mudslimes who fight back"" are doing nothing (not even iran) while israel acts with impunity.",0.5885171
"shitskins are ruining costco. i went yesterday - i know - not the smartest time to go, but i wanted a roast chicken. i have never seen so many slanty eye yellow bugs since i visited hong kong, not to mention the poos/sand niggers who have their cockroach squad with them, taking up whole isles, not letting others pass.they need to triple the membership fee so i can have an acceptably white experience shopping.",0.6852916
god help you lazy retarded shitskins if things actually work out that way.,0.8460273
"we should kill all simps, all traitors, all jews, all shitskins, all free masons, all faggots, all anti-racist low iq dipshit yeah billions must die",0.95048624
but 2006 was the last wm with an acceptable amount of shitskins on the team,0.54823303
/pol is 90% shitskin. i just make this thread to bait the shitskins into posting to prove this for lurkers. read the comments here. what ethnic european would insult their ancestors or ancestral traditions? these are kikes and jews.,0.7675452
"fpbp. completely diminished europe's power and influence and destroyed the british empire resulting in the us and jews gaining control of the world and opening up the west to a flood of shitskins. great work, adolf.",0.56269526
"i fully expect a second civil war,because after my rights were violated and nobody did a thing, i will never be a productive member of society here again.this country was flooded with shitskins, illegal aliens, to keep the wages down. even if i could get over my rights being violated, i'm not competing with these illegal invadersdeath to america death to americadeath to america",0.7105462
"do you ever think we'll have a realistic chance of turning around the reputation of this place? because, brothers and sisters, my fellow shitskins, i have a dream. an extremely unlikely dream, one i'm prepared to be showered in rainbows for, but a dream nonetheless. not about winning over the wokies, they're too far gone, but the relatively unbiased mainstream media, if there's any left. somebody notices the blatant provable lies told about us all over woke media and then suddenly we've got primetime documentaries all over the place looking into the woke media and how they got away with the lies for so long. woke journalism collapses with at least some people going to prison, kiwi farms gets a good reputation as the real journalists keeping tabs on some genuine monsters and we can all sit back with our popcorn and enjoy all those little woke college dangerhairs ree. ree to the heavens. ree with the full power of all their hearts and souls. ree until they literally start having strokes and dropping down dead. woke culture finally ends not with a bang, but a loud collective ree. the most glorious symphony in history, the music of the ree.",0.39987978
nice strawman retard. all my neighbors are being replaced by third world shitskins and i can't afford to move,0.76197964
"considering most of the 'humanity' are shitskins, i prefer the west fighting for the west instead of humanity.",0.5885171
"it's a little city, in the big ones you have niggers.i am often in dresden and leipzig and i haven't seen a nigger there for eternity either lmao, many antifas but no shitskins. i know how bad you want that, churka",0.743089
column of 1 cardo shitskins really?,0.52811706
"so who's the leader of the right wingmarine lepen. and how based are they?by far the most kosher ""far-right"" leader in europe.her getting into power is objectively a non-event, but the shitskins and leftists overreacting to it make it pretty enjoyable.",0.4269174
"""grim_reaper said: us curries would also do good in curryland""click to expand...""they won't because of the corruption here. india is some what better since bjp in 2014. before that india market was absolute shit with high taxes and low income.""why do you think curries to even to the most obscure counties for jobs? market is so shit here because of socialist anti-business policies grim_reaper said: the main reason they're importing niggers and other shitskins is to destroy white countries and they're easier to control.""click to expand...""yes, same for curries in their corporations. grim_reaper said: jfl how are they getting fooled with the thick indian accent?""click to expand...""that's how dumb cumskins are",0.60311776
"you're the one who is so obssesed, and to generalize, a majority of people on this forum make everything about trannies and how much they hate them. you aren't real people, you don't experience nuance, rather you are just a record. you don't have real thoughts or experiences and you can't evaluate media or idea's without reducing it down to one thing. another thing, most of you don't even know what you dislike, the worst thing is how misinformed you fucking shitskins are about various labels and their meanings, and you don't even know what you hate.",0.75208336
guaranteed youre a shitskin too buddy. do keep in mind goatfuckers are shitskins like you memeflag brownoid,0.911035
"finnhohol in the previous thread posted fakes of rusich members posing with ""corpses"" of akhmat chechens. rusich denied this on their tg.i'm trying to figure out why he posted something so based, even if it was actually fake you could only repeat ""shitskin general"" so many times before starting to believe it yourselfgood point actually, i didn't think of that. hohols are shitskins too though, they shouldn't be throwing that accusation around so wildly",0.54325575
"dei (didn't earn it) is the new ""n"" word.american race politics is fucking bizarre, you have people being promoted based on their skin color, but that apparently doesn't discriminate against others and also if you point out you got promoted because of your skin color your'e the racist and not the organisation who promoted you.sorry to say this but its some really, really low iq shit.yes, we are dealing with niggers (low iq) being promoted by jews (operate in bad faith).in 2024, civil servants are mostly women and negroes.&gt;they will run it into the ground and beg white men to fix the mess white women and shitskins made on behalf of kikes.it's a bad situation, one i don't think any society has ever come out of functional.",0.68408644
"billions of people with the same hair and eye color. are they not capable of genetic mutation? there should be a case study as to why shitskins and asians can't genetically mutate, like they can't create within themselves.",0.4977744
"bro, all the fucking shitskins look the same. have fun identifying this particular specimen in a sea of turd worlders. he is probably in belgium hiding in plain sight",0.8696708
"i've noticed that only autists obsessed with biological superiority and machiavellianism care about national socialism. nutsocks are all neurotic narcissists with nothing of value to say outside of ""kill all shitskins"". everytime i try to have a legitimate conversation with one they bombard me with childish gotchas and insults like a bratty middle school girl.",0.6744087
if zog wasn’t in the way there would be no shitskins in your country in the first place.,0.5566829
"it's shitskins hoping they become famous on a video game image board with less than 100 daily usersthey don't really have any other achievements in their lives, it's kind of sad really",0.6491204
"it's remarkable that this happens over and over and over again. while the news on every channel is read out by niggers and shitskins bemoaning ""racism"" by white people every single day.why are people not absolutely seething with hatred? how is it possible people are still watching tv? how is it possible things are in this state for years on end?",0.6020386
good now it permanently collapses into medieval hellhole permanently. hahaha good luck making money off shitskins dumbass,0.82048255
"""i use it for fishing every weeks""""i'm a mail guy, i use it at work for opening boxes""the french laws are purposely written vaguely, it's not forbidden for gandpa to carry his knife like he did all his life, but for shitskins, it's forbidden.",0.4826145
most israelis are shitskinsthere's no different to the other shitskins in the areathe rarer euro ones are shitskin + euro mutts.,0.85850734
shitskins are natural slaves. everyone here is well aware you gravitate towards being ruled as opposed to freedom. it’s your nature and how god made you to be servants.,0.6308517
the science:let shitskins stockpile flammables and explosive on one million ton pilespark iti mean... it's not moon landing & shit,0.78711975
"you can say “awesome” but the world is swimming in shitskins that risk their very lives to live near white people. the world is going to be a very, very bad place and then whites are going to be forced to become tribal themselves.",0.5559701
only future christcucks have is to get murdered and raped by niggers and shitskins,0.91625386
"because it won't work with niggers and illegals we already subsidize them literally and figuratively through refugee child laws and hospital rights. jose breaks his arm the town picks up the tab, day quan got the beetus now he gon be your 15yo sons first dependant. espinosa got 5 kids they all got medicare platinum care and all the major pediatric research groups will bend over backwards making sure those kids receive world class health monitoring.it wouldn't work in the states it already doesn't work in canada and the uk. you can say sabotage i'll point at the 90 million shitskins nobody's deporting",0.54823303
"gershonyou are back you double fucking niggerwhere were you, there were rumors you killed yourself, though i deboonked these myself, were you in gaza?how many shitskins did you kill?",0.91625386
could you at least stop crying when heroic men step up and punish the shitskins.,0.6588125
"a few shitskins in bumfuck nowhere?you just described yourselves, except you are far more hideous and dysgenic and evil that even random village cambodians who never seen one of you irl hate your guts",0.8778702
you realize we don't differentiate between religious sects of pajeets? you are all the same shitskins to us.,0.6667219
"makes no difference. whites keep everything working. the jews, shitskins, and muslims all starve and cannibalize when the whites set down their tools. none of them can manage their useless populations and they'll destroy themselves faster than we'll ever have to try. the future will be rebuilding and having the record to never include what's left again. without fuel there is no chance of maintaining this level of charity.",0.6020386
shitskins suffer at the hand of themselveswhites suffer at the hands of shitskinswithout whites wolves and leopards become the apex species on earth,0.71760553
"i wonder how do shitskins from these countries feel about being so genetically inferior.i laugh at these arab niggers bragging about being descendents of muhammed. why be proud of belonging to a race of people that never achieved anything, hideously unattractive, belong to the same race as kikes, scientifically illiterate.being an arab is only a tiny bit better than being a nigger",0.8299589
"that doesn't address the problem i brought up: men are more likely to contribute than women, so there will be more women excluded. because of this, a large portion of your men will fail to have kids.and then they will realize you are full of shit and refuse to work (you are here)in the mean time the shitskins get whatever they want by threatening to riot if they don't (you are also here)you literally are just saying 'i'll do what our current leaders are doing, but better'. either you are hubristic or your an actual glownigger asset trying to seed the idea of a draft.but we'll just tell them no while giving shit to people i like.yes, and everyone will get a pony, and a blowjob. we'll just kill the 80% thengood luck. factoring in foreign interference you're actually looking at being outnumbered 50-60 to 1. even if every white guy on your side kills 100 you'll have so little left that when a real military, say from asia, decides they want all the natural resources here, you're fucked.what do i do then?keep the women inside, form a family enclave and when it gets large enough set up the men with their second and third cousins.",0.5779532
"do you get paid extra for engagement? don't worry bro i'll help. it must be so awful loving somewhere where everyone sees you as an animalwomen see you as an animal and sex as beastialitythe government sees you as a helpless child too retarded to be trusted to not rapethe people see you as filthy vermin that get in the way like a feral dog walking down the streeti truly hope shitskins take power from whites because the government will collapse instantly. it will be so fun to watch as you all kill each other over dwindling resources in the cities without whites to support your gibs. then when the power is shut off because niggers don't know how to maintain infrastructure, the fun really starts. you'll all die in the cold north of europe. then when the last shitskin drops dead, whites will come out of the woods where they were thriving and rebuild europe.",0.6863638
just stop going there. don’t visit stores that have this disgusting shit. you will get 食中毒 from their shit covered hands. you might need to go to a konbini a bit down the road but that’s okay. my mil basically bankrupt her local fami mart when they hired shitskins to the point where they went out of business. anytime she sees one in her local area riding a bike (they can’t afford cars usually) she “jokingly” tries to run them over with her car and stops just in front of them and honks loudly to scare the fuck out of them or make them fall off their bike. you think the police will arrest a nice japanese lady for a misunderstanding with a shitskin? heck they will probably arrest him for it hahaha be the change you want to see in the world. rural prefectures are still pretty based.,0.718943
whites are sheeps baahing at their slaughter house butcher for special favors they see being extended to monkeys and sub-humans by the jews.  when are whites going to realize the jews are exterminating whites and the only solution is to counter exterminate the jews(all) and the shitskins in white territories to secure the existence of whites?,0.7252971
(and other shitskins) are the direct consequence of jewry. countries with close to zero % of these feral animals have the lowest crime rates in the world. that's why jews are importing them all over white countries.[every single aspect of the slave trade is jewish]( single aspect of mass immigration is jewish]( is at the core of the anti-white narrative](,0.6544696
"so the shitskins go to paris anyways so they can get colonized even more? any more of your stupid fucking ""logic""?",0.9061063
"daily reminder that every ""christ is kang"" spammer or anti-pagan shill is a jew, latinx brown spic, shitskinned indian, or some other shitskinned nick fuentes follower. pol is literally 95% shitskin at this point. just look at the recent afpac rally to see the current state of the modern far-right.when you create an inclusive far-right ""christian nationalism"" movement and allow shitskins to join you need to be aware of what you're opening the door to.none of the shitskins who join these movements do so to be the token minorities or allies, instead, they are shitskins who think that a christian nationalist movement gives them access to white women and children (ali alexander, milo, malcolm flex, etc).this is the reason why they spend all day, every day, spamming ""christ is kang"" in every conservative space. they desperately want to undergird the far-right with christjewery because then they have a backdoor into this movement, and then, they will have a pathway that gives them unfettered access to white women and children. that is why if you're ethnically european/aryan (self-identifying as ""white"" in muttland doesn't count!) you need to take a hard line stance against christjewery! no exceptions anymore!",0.6491204
#1 nukes aren't real.#2 every western capital is full of shitskins anyway.,0.71760553
"sounds good, let me shoot shitskins and niggers on sight.",0.90451443
every single european country is being flooded with shitskins,0.7252971
endless shitskins.,0.7308154
"does not make positive economic contribution to societyexcept we are the only demographic that does that, faggot. women consume more than they generate and your precious shitskins are a net drain.",0.78855824
"it's foreigners attacking other foreigners. weird situation in japan where western expats stay mostly among themselves, they even have bars run by foreigners for foreigners, but they also have a hate boner for other foreigners  so just like all the other enclaves from shithole 3rd world countries in western countries. it's the same where i live all these shitskins create their own ghettos living amongst their own kind but they hate immigration and all the other immigrants.",0.62702215
"troons and shitskins really are sad ""people"", no wonder everyone irl laughs and dislikes them, lol, sad life",0.62136006
the solution is to leave this continent to shitskins let them ruin another land mass move to america or poland,0.60152835
fuck all semites. kill each other already you useless shitskins,0.9817629
"i forgive him. i've fucked shitskins, kikes, and niggers. it's not my first choice in pussy but sometimes there is no other choice.",0.9248995
"this is why non-retards want russia to win in ukraine.pfff hahahaahahahahaanother westerner mongoloid retardo who fell for russian propaganda and ""muh putin is trad"".we have a lot of shitskins too and besides that all of traits of authoritarian shithole.",0.7856813
don't let these shitskins bring you down brother keep getting a nut,0.76523775
"how could these modern non-men possibly wage war against such an all-encompassing foe?individually, on a massive scale. the weakness of the system is that it can't control everyone. they know this and in their own documents they've identified that self initiated lone wolf far right extremists are the biggest threat to the system.  i genuinely think mass starvation will happen here bolshevik jew style. they’re attacking farmers constantly. yeah this is how i see it playing out too. bring in hundreds of thousands of military aged shitskins that can just do anything they want and only get a slap on the wrist for itmake sure they're forced into every single town and entirely reliant on welfarecut the gibs, cut the power unleash them on ""their communities""takes these cunts 5 seconds to let the mask slip and admit they're migrating as ""revenge for colonization"" and they want us all extinct and dead. they don't even hide the fact they're here to kill us and they're just waiting for an opportunity, which will be provided for them.",0.33338684
"cool now both of you western europeans are going to be replaced by shitskins and there is nothing anyone can do about it. enjoy your hell you brought upon yourself anglo, perfect example of the boiling frog analogy.",0.6027529
"a band of locals - an unlikely union made up of spanish gypsies, morrocans and africans - took it into their own hands to confront a squad of algerians, who are said to have installed a reign of terror and have turned the neighborhood into a breeding ground for violent crimes. spanish gypsies, morrocans and africanskek, bunch of shitskins worried that the new crop of shitskins is gonna take over",0.5885171
good for you that we quickly are getting replaced by niggers and other shitskins then jude?,0.78711975
shitskins seethes at kikesdid they murder your family in gaza or are they hiding in lebanon?,0.6827122
there will be. there's still reserves in most stores for awhile and truckers are still making deliveries to walmarts so that shitskin invaders can still eat for free. truckers will eventually realize that their sole purpose in their careers is to keep shitskins healthy and quit. then the ball will finally get rolling.,0.5140397
checkedthose were the days. i knew the russians would lose the moment i saw the clown convoy. arguing with the shitskins was hilarious.,0.6308517
"step one.synchronized traffic lights from the west coast to the east coast.step two.load all shitskins on trucks, and drive east.step three.load all trucks and shitskins on barges out to international waters.step four.rinse and repeat.",0.47886392
all of the shitdick threads get necrobumped at oncein case you have any doubt it's a few subversive shitskins spamming these threads,0.8778702
"here, i just randomly googled england national football team and it sure looks half nigger to me. like literally exactly half nigger, i guessed better about your own goofy ass soccer squad than you topkek. i also googled some premier league teams do you want me to post the manchester city team picture? it's funny that guys like you who don't live in a big city where white women get to mix with lots of niggers are so sure that young white women don't fuck niggers because you're basically clueless and willfully ignorant, but your lack of a clue doesn't prevent you from having such strong opinions. you think you're being macho strong white man who scoffs at niggers and shitskins, meanwhile the reality is young white girls in your country getting groomed by the tens of thousands by niggers and shitskins every day, and race mixing increasing exponentially with every generation. you think i'm some incel which i'm not, i'm actually out there so i know what's actually happening unlike you, and maybe you think i'm fearful not a strong macho white man like you, when in reality you're the one ignoring an obvious problem just like a woman would, because you're too fragile and weak to acknowledge it. you live in your little delusional world with a handful of niggers that you can safely ignore and your ok cupid dating stats from 2006 and all is well. to me that's fucking weak as hell and a sign that you're afraid to acknowledge the problem and deal with it, you just want to pretend it doesn't exist. by the way that handful of niggers in your little town is probably drowning in white pussy too. hopefully you don't have daughters, or granddaughters if you're an actual boomer which could be possible.",0.7510937
"reminder that hamilton is nothing more than a subhuman fraud worthless animal looking nigger who got spoon fed by fia allowing mercedes to use an illegal car all these years just to bring the woke people into the sport and earn more money (the stupid worthless ugly nigger still lost 2 championships to literal nobodies… kek). he is the only champion in history that lost to the no2 driver in the team… worthless no frontal lobe piece of shit nigger. the worthless subhuman ape looking ugly nigger has more poles than wins, the monkey cannot even win from the front.look at that ugly nigger... flat nosed, protruding lips, no frontal lobe, gap tooth, bald monkey looking ugly manlet nigger...no matter the money or the fame hamilton will always be a worthless niger with inferiority complex, that’s why he always talks and cries about the abuse he received (kek.. that broke the nigger, made him suicidal and was fully deserved !!!)that niger will be forgotten the next second he retires... he never got respect and never will by real f1 fans... look at his fans... niggers, shitskins from 3rd world countries, trannies, faggots, keks, women (fat ugly and repulsive) and ugly fat pieces of shit (like that piglooking dismorphic sack of jew (it never happened, they deserved it, it will happen again) fat ted kravits or like that motogp fat dismorphic reporter simon patterson who married a burn victim maddy scordia that looks like freddy krueger…. disgusting and repulsive).the only thing hamilton will have after his retirement is the nigger in the mirror reminding him he is a worthless niger that every f1 fan considers a disgrace to the sport, every time he takes a shit he will be reminded that he has the colour of shit. once the niger suicides f1 fans are going to turn his grave into an indian shitting field as a fitting tribute to his fraud career.the fraud nigger will never… win… anything... ever… again !!!!!!!!!!!!!!!!!!!!!!!!!!!",0.8403191
"📝 301 replies   anyone else tired of working for nothing?  i literally cannot fucking cope with the thought of nothing happening to stop this shit from going on. i recently left a job because i cannot imagine doing this shit for another 30-40 years assuming i dont get fucking murdered by shitskins or some form of cancer from all the poison these jews shove into basically everything we come into contact with.   i just need a happening, anything, even if it ends with me getting gunned down like a dog by golems, at least it’ll be fucking over.",0.6827122
pigskinned whites have inferiority complex about their pasti just chuckle at these posts. you shitskins are so cute with your delusions.,0.7570315
too scared to save his white sisters from rapist shitskins that’s so english of you,0.7510937
if i were jew i'd get out while you still can.the zionists intend to let millions of kikes die at the hands of the shitskins to fulfil prophecy,0.68408644
white man is worth 1 million shitskins,0.687436
"no.foreigners can't be legally drafted due to the fact they have a foreign passport or dual citizenship.instead, it will be us being drafted and shoved into the meat grinder while the millions of shitskins stay here and finally take over our country.good luck to the remaining hoes, btw.they will need it.",0.57271194
"if you get caught protesting and you let them identify and take you, your life is fucking done. they'll jail you with the inbred shitskins that will kill you. it's an all or nothing scenario. revolt or be enslaved/killed.",0.743089
shutup bitch. tens of millions of american voters stand with europe ejecting all of these shitskins back to the 3rd world. the only thing holding you back is the fear of the zogbots in your own country,0.91625386
"your post was going so well until the end. i'm not saying communism is goodthis is fair. it never is, it's a garbage ideology that will never work.this is retarded.china is the living, breathing example of the fact that it can indeed work, especially if you're flexible and adaptable. nobody should autistically stick to the book even when it doesn't work. you improvise, adapt, overcome, and you get shit done. you just need a long national memory and to sprinkle it all with nationalism. it's the winning formula really and probably the best way for nations to reassert themselves in the age of globohomo. communism will become even more viable as the century progresses and automation takes over. just wait until people realize that perhaps the gdp graph does not have to infinitely go up and that it's ok for it to slow down amid a demographic crisis, and that you don't necessarily have to immediately import 2 million shitskins to preserve the graph. just wait until you realize the graph only serves the capitalist and they've perverted the economy to a point where it no longer has anything to do with the people. the economy should adapt to the people, not the other way around. the collapse in fertility and the over-education of the labor force don't have to automatically lead to mass immigration, and the way to realize that is through communism. automation will make it even easier when it takes over all the shit-tier work and replaces the shitskins and the """"""(((need)))"""""" for shitskins. i think communism is gonna come back in a big fucking way after america's inevitable collapse and the rise of china. and that's a good thing.",0.5921536
"whitecunny enjoyers basedshitty bait. it's shitskins and bugs who love lolishit, maybe white trannies too, but it's a minority and usually not counted.",0.78855824
that shithole subreddit is full of shitskins larping as conquerors,0.6027529
"possible*fucking kek, shitskins seeth more.",0.8460273
"mindy whatever it's name is is a nasty, resentful, ugly dalit slag. i think the yids that run jewlywood are trying to use it as a weapon against whites, like they use all the shitskins, but the dalit is so grotesque it actually helps humans hate shitskins. the mindy thing itself amuses me; it's so jealous of whites, while desiring white men to the point of absolute insanity. different races should always stay with their own kind. most of the problems of the world would melt away with 100% complete racial seperation.",0.6342749
"thinks the people in the pics are actually real peopleyou are retarded, get raped by a shitskins swede",0.82048255
muslims are shitskins too,0.8629672
"nothing will top the /chug/ shitskins, even this larping roach.",0.6611249
we need chechen bvlls to keep these shitskins in line some straight up amish looking motherfuckers stomping nigger brains into the pavement is good optics,0.85333383
"it's like we care more about white people than our own kinmeanwhile we have the opposite in our own countries kek, well except replace vietnemese with niggers and shitskins",0.7856813
"it's not just all the niggers and shitskins, it's also the anti-merit mindset that has established itself (primarily pushed by women).now what counts are not the results that come out, but the effort that went in. and even there just the effort you claim to have put into it, how much you actually did is secondary.same shit why they keep dropping thisso someone who worked 8 hours a day should not make a living wage?!shit for minimum wage discussions.no, if you spent 8 hours making paper planes, then you do not deserve a living wage",0.78207105
"the natural corollary of this shitskin schtick is irish-descended aussies reclaiming their ancestral homelands. shitskins are still going back to their shitholes. abos hate 'em too. shitskins would be shit out of luck, back to street shitting in their homelands.",0.8460273
"it’s impossible to have kidsthen why are third world shitskins so good at it?this is your country, not theirs. don't let the kikes gaslight you.",0.6289369
seem to be doing great ranjeesh idk what you're on about. are we the source of all you shitskins problems or not? pick a lane retard.,0.6989911
drumpf panders to shitskinsvotes cumalagets drafted to die in feminist warwhy are shitlibs like this?,0.7510937
love how all the shitskins in this thread just take anything at face value lmao,0.6491204
"doesn't feel so good having your neighborhood invaded by shitskins now, does it?",0.6289369
dude hasn't done shit except plead to shitskins.,0.8988238
poles cry about muh russia while eu sends thousands of shitskins from india and africa to poland.inb4 russian shillruskikes also send niggers to poland through belarus.,0.7105462
/pol/ after 2022right wing fucking kek this board is a zionist russia board that hate europeans and love shitskins there is nothing right wing about any of it. these faggots are no different to the delusional discord trannies that raid this place or college leftyfaggots.,0.9061063
"what dems were thinking.dumb leaf is dumb.kamala has been chosen to get blacks and shitskins' votes, driving them in mass to the ballot boxes.blacks and immigrants are a weapon during elections, being easily swayed around to vote for whatever fucking candidate promises them help or has darker skin.if the fucking democratic party wanted real change, they should've promised to stop any sale of weapons and stop financing israel. that would've marked a real change.yet they keep licking jews' booths, because their pockets are filled with jewish zionist money stolen from usa taxpayers.",0.76523775
how the hell do whites go to gyms full of these shitskins jfl,0.8540474
how is that supposed to make us feel mad?is that girl white or what?cause judging from skintone and haircolor alone im just watching 2 shitskins fuck in a weird way,0.83334327
"insults work when you place yourself beneath the one saying the words.if you don't care or believe yourself to be better, then those insults are just cope & seethe or are simply just words.to the person who put themselves into the submissive position, having reality pointed out to you tends to be an insulting thing. shitskins going crazy over white people minding their own business is a real thing as well. they cope about it by going, ""they think they're better than me"" when in reality that dude/chick is just thinking about all the nice things they're going to do throughout the day. some sort of schizophrenic fueled envy. in the case of indians, it's quite noticeable when somebody becomes aware of their existence. they get broken out of their train of thought to make a face of disgust from the putrid smell of garlic sweat and start running to flee the horrid stench.",0.44039994
first world countries aren't supposed to have tens of millions of shitskins,0.6308517
"slavs are second class citizens in russia, and they know it. they will literally get gulag'd if they even think of attacking back or saying mean words to jewtin's prized shitskins.russian nationalists march against immigration in moscow - banned by putin right-wing community ""nord"" was recognized as an ""extremist organization"" most dangerous ""rehabilitation of nazism"" throughout the russian federation. 9 regions - 10 cases. far right nationalists arrested arrest young right wing propagandist vs russian nationalists",0.5024724
"its an elegant in the room people struggle to comprehend - overwhelming majority of shitskins are homosexual in one way or another. just observe arabs, pajeets, nigggers, and you will see the truth.",0.6989911
"all women need wear a burkathats promotion of pisslamaryan women do not cover their faces or hair, we are proud of the beauty of our racethroughout all european history, women were chaste, married as virgins and were punished by death for adultery - all while their faces and hair was never hiddenthe purpose by the way, why shitskins cover their women up, is not to prevent the women from becoming hoes, its to stop the arab men from constantly raping all the women. look it up, its literally the official reason for it, because the men of their race can not control themselves from raping otherwise.",0.62136006
both kaaba worshipping salafi shitskins who don't understand god and theology and you potato cucks are idol worshippers,0.7510937
less population = less traffic and shitskins,0.6027529
they aren't yet but they will be once they get flooded with the numbers of shitskins we are forced to endure,0.54823303
by voting and shilling for a sheboon who wants to flood the country with shitskins?,0.6426206
"thirty years of non-stop man hatingover thirty years of buffoon-dad roles in every single sitcomthirty years of feminism only men subject to draftonly men are net taxpayers % of child custody given to mothers instead of fathersdivorce courts destroy the man and give what he had to the whore (70%+ of divorces initiated by women)in every single election women vote for more taxes and spending that men have to pay forin every single election women vote for more shitskins invaders to mooch and ruin the civilization that men builtwomen fight tooth and nail to be allowed to murder their own children (men's own children too) without even the father's consent!and on and on and ongee i fucking wonder why men might think white women hate themnow, why do we allow women to have any rights at all?",0.6020386
"you should listen to the guys who wear dresses and fuck boys, they're totally based and redpilledthe boyfuckers say you should let more shitskins into your community or rabbi yeshua will be unhappy with youyeah, i'm inclined to say that cucktholicism is just as pozzed, if not more pozzed than protestantism.",0.85173553
"lol gotcha bitch(i do a little trolling) fuck you kiket. your literal neighbor in israelwe do a litte trollingthread about woman who is an obvious troll and pretty shitty at itgroypers, nufags and shitskins fall for itdon't care anymore. zoomers are all assfucked",0.944597
just stay away from our countries how hard can that be and stop driving shitskins here with your smugglers.,0.6491204
"thirdies and shitskins love post pictures of breezewood because to the 2nd and 3rd world, simply having a ""rest and service area"" with more options than one dude selling gas from a water bottle and a woman selling stale chips from a shop with a dirt floor is too foreign a concept to even comprehend.",0.45761138
open-mindedto what? allowing faggots to have drag queen story time? or is it letting niggers and shitskins flood into your country? faggot.,0.8629672
through jesus the idea of worshipping the meek was inserted deeply into european culture. without that foundational rot there is no way so many shitskins could just be shipped over.,0.51980776
based king manlet shitskins will seethe,0.5716857
"i know democracy is hard a concept to graspwhen your idea of democracy is synonyms with state mandated sodomy, replacing the white population with shitskins, and not allowing people to vote when convenient- it does become a little hard for a sane and rational human to grasp, yes.",0.47886392
"""badungus kabungus said: 			if you people can't get motivated enough over some actual, real atrocities that your own government is doing to you (covid vaccine, making whites second class citizens compared to assorted shitskins, vatican-backed mass migration, etc), then what chance do you have of motivating people with some fake made up gay shit like ""jewish atrocities""?		click to expand...""most people here didnt start believing in most of this until after a period of time learning. that period of time for many was spurred on by less explosive shifts than this.  badungus kabungus said: 			""communism is kinda based, not like those jews, right guyse""		click to expand...""communism is a jewish invention that sometimes slips away from their immediate control even if still led by their programing and learned vices. badungus kabungus said: 			it's gonna be pretty ironic when israel and russia are the only remaining white countries on the planet.		click to expand...""so when theres no white countries on the planet.  gamesgoodmebad said: 			on a different note i don't know where this idea that israelis are white comes from. both israelis and palestinians are sandniggers, they just worship different gods.		click to expand...""alot of them are pale so when college kids see a pale racist i assume they default to white supremacy like with some asians they see. also its a useful way to around the stigma of not liking jewish supremacists",0.51980776
"juat move to the remote countryside and watch the cities, liberals and shitskins burn down together, from a distance. i am in the process of doing so myself. you will be sourrounded by more like minded people in the countryside",0.4977744
both linu and apu are shitskin scams that have already peaked and toad is going to blow both out of the water because at least the shitskins behind it have hundreds of millions of dollars,0.6667219
"unfortunately shitskins will now spend next month or two screeching about collapse of the entire front, until even monke won't be able to see that the front is not going to collapse",0.5532103
"so can someone please explain what's actually supposed to be wrong about this? i legit can't tell. is 0.85 pounds supposed to be comically cheap or comically expensive? or is the food supposed to be ""bad""? can some shitskin elaborate on this since shitskins seem to be the only ones who see any problem with this",0.56269526
red countries are full of shitskins seething at the anglo man. ayyo mane we is one ese...we gotta unite against the white devil mane...,0.6863638
"he was literally introducing him to people as 'this demon i tamed' lol, but yeah let the fuckin shitskins larp about being a god damn samurai, because they have literally nothing to be proud of and no culture of their own.",0.82048255
americawhitelmfao you're a jew run country full of shitskins.,0.85850734
"i lived on the beaches of hawaii for years. asides from crocodiles, snakes and niggers i assure you florida is not much more difficult. tons of easy fishing for delicious food as well. anon in his car doesnt sound like a ""homeless"" person he sounds like a dude down on his luck.if this country was owned by fucking kikes we would have programs like the civilian conservation corps working national infrastructure projects, learning valuable trades and making something of themselves but instead kikes import millions of shitskins and put them up in hotels, give them free fucking shit all at our expense.this entire fucking country is completely fucking rotten. war against those who run it is the only solution this late in the game.",0.62136006
"yes, all people being welcomed in a country is the opposite of an ethnostate, anon. i highly doubt they would've ever imported shitskins considering the whole thing was centered around the german people, a german nation, language, genetic family, phenotype, etc. eugenics were definitely a thing there just not in the way media describes, and with the war happening so early in nazi germanys history, alot of funds were sadly had to be put towards the war rather than eugenic programs.",0.41445592
"god existing is disproven by shitskins and faggots existing, because no good god would allow that. so trying to rely on biology, faggots are basicly brain damaged mentally ill people, either caused by physical trauma, or by hormonal disbalance due to chemical poisoning, and unhealthy diet. now these unhealthy faggot groups doing their activity naturally disgust all (in this aspect) mentally healthy people, and they are a problematic group that should not be allowed to express themself openly, and should not be allowed outside of an asylum. only involuntary confinement, exile, or execution solves faggots being in front of others problem, either is workable, as long as faggots are both physically, and both online interaction removed from the general population. it's not ok to include them into anything. you would not give a platform to someone who just smears shit on himself compulsively, yet for homosexuals, whom do a varied form of that platform is given, while they should be treated as the other mentally ill shit covered lunatics.",0.78855824
"you know how you break white women out of that shit? white racial defense gangs like sons of odin, who wander the city in gangs and stomp the shit out of shitskins who're attacking whites. you rescue enough white women from being raped, robbed or murdered by shitskins and you do it with cartoonish levels of violence, their natural instints kick in and they get wet. you have enough news reports where nigger's faces are swollen up like a balloon, eventually niggers will get the hint to stop the shit. since the police don't want to do their job to serve and protect, then we need to do it ourselves.and always remember not to start shit, but to finish it - do not attack unprovoked. this is so niggers can't play the victim. jamal will literally have to resort to ""i wuz jus tryna take some white pussy, reprayshuns!"" and show everyone why niggers are called rape-apes.",0.78711975
i've had it up to here o/ with these shitskins and kikes,0.6863638
"the kikewhere did i defend kikes? inbred shitskins are exactly like kikes, and are too stupid to cover their tracks. now you shitskin. fuck you and your inbred kike brothers, mohammed.",0.9248995
and these shitskins wonder why no one takes them seriously. imagine going into /uhg/ and pretending like you've never seen russniggers executing pow's when they spam that shit every chance they get lmao.,0.8629672
"you have to understand the type of subhuman that thinks this is cool and something to brag about and take screenshots ofyou're in a thread populated by manlet shitskins that take their frustrations out from being losers in real life in a video gamethese subhumans always take a fun concept and abuse it to the point of killing all funyou've probably met this type of subhuman in real life, they kill a fun atmosphere and make it all about themselves because they literally have nothing else going on in their miserable existence, it's a coping mechanism they exist to ruin the fun for everyone else and are the reason we can't have cool stuffand they are bastards raised by a single mom, because even their deadbeat dad knew they would be a failure",0.60254884
if you dont man up you will be raped infront of your own wife and mother. they will rape you (the shitskins and jews) infront of your own mother wife and daughter. they will deflower your asshole. buy a gun. learn how to use it. if you cant. just get one of those 15 dollar poles off amazon used to disgarge a 12 gauge shotgun into the head of a n alligator. and legnthen the tube. you now have a 15 dollar bangstick you should fill with buckshat or slugs if ur brave. ur welcome fuck the cia fuck the fuds the feds the niggers fuck the jannies fuck the muslims fuck the j ews christ is king you already lost come at me bro. u'll never catch me. pic-related . im too fast for you niggerjews.,0.82048255
no you won't nigger lmao real life isnt like one piece or dragon ball z or whatever you shitskins turn mind off to these days.,0.85333383
"the organic nationalist movements in the west have been an utter failure and only managed to attract bunch of fat and retarded boomers. this in turn makes the whole movement unattractive to young men, who hate boomers. another big reason is probably because there's no nation left to fight for - when you think about it, your worst enemies are no longer foreign invaders, but your own relatives and neighbors as well as much of your country's women.on the other hand, islam in europe is a mostly young man's thing, with most of its supporters here being young arab men. now, i'm not a big fan of having to share anything with shitskins, but at least they aren't pushing trannies and niggers down my throat. you could get rid of them later as more white men join. other big advantages would include arabs have a significant crime network in europe. breivik couldn't even buy guns on the black market, but arabs in sweden are frequently caught with grenades.islamist hate kikes. far-right is full of cuckserfs and christcucks. fuck them.islam is a violent religion, making it's supporters less likely to tremble before law and more likely to be violent. which is exactly what we need from people.there are several radical islamist terrorist groups operating in the world.islam is fairly popular among young zoomer men thanks to tate/arab rap. whatever you think of them, it's still something that can be used.",0.44002727
"we have already established that he is not a sven, he is a achmed that rapes swedish kids in his free time, which is all the time because he lives on gibs that swedish people need to work for to provide for his life.there are massive problems in sweden caused entirely by nonwhite immigration, the worst problems in all of europe, imagine turning from safest country in the world to the rape and murder capital of europewhen i pointed it out he saidyou are complete schizos btw.clear indicator of shitskin that doesn't want to get deportedthese are the kike/brown shills here everyday, and not only here but everywherethey are making it look like if all kikes are not rats and all muslim shitskins are not pedophile rapists but they arei mean their ""perfect man"" of prophet muhammad was literally a pedophile shitskin street-shitter and goat-fucker.arabs and jews are two sides of the same semitic shit coin, they leech and take as much as they can from your society and they shit it up, they lie as they breathe, they hide their wretchedness.but all their souls are black, they are all demons.",0.5779532
"% of anti-christians are shitskins or weak europeans. who cares, they're all gonna die by the hand of honorable national socialism.",0.7510937
"if you were white you would be supporting palestinei don't support either. i viscerally hate all non-whites, including jews, and wish for their eventual extirpation, forever, from this earth. if the sand niggers can come back and beat the jews, wonderful. i would assign an exceedingly low probability to that outcome though, but still a non-zero one. jews are responsible for all anti-white propagandano. plenty of shitskins are quite prolific in producing anti-white hate. if you wanted to say:jews are the original source of the anti-white agendaor something like that, then you would be correct, or:jews rile the shitskins up against white people then this would be truebut you already knew that because you are a kikecope. muslims fucking suck and have been the enemy of europe for over 1000 years. any euro gened person who doesn't have a healthy hatred against muslims and islam, has bad instincts and threat assessment abilities. quit gas lighting, sand nigger. another composition in pic. see the highlighted part below.",0.681338
india is a country full of immoral shitskinsstop importing these brainless shitskins into your countrieslet them all stay here and focus on developing shithole india,0.9029226
"paki, poojeet or bangladeshi you shitskins are all the same slum dwelling, hairy, smelly, micro dick rapey midgets",0.90451443
"other threads, but besides that your over focus on religion/islam a big giveaway. a european will talk about how shitskins or non europeans cannot fight, not muslims.next time use shitskin/brown/arab/roach etc.",0.6491204
when do you think people will be finally blackpilled on islam and will be strong enough to eradicate islam and muslims from the streets. i’m sick of seeing shitskins wherever i go.,0.68408644
shut yo bitchass up mudslime,0.944597
nah sneako is a mudslime fagget,0.8299589
then show some dope mudslime seethe pictures regardless of age,0.47886392
another mudslime shill,0.44393396
that was a mudslime,0.28087774
"spend a month doing fun things around the world without paying for shitspend a month with a bunch of closeted gay men doing homoerotic ""sparring"" in a romanian basement owned by a rapist mudslime britbongdoes he think the second option is more appealing?",0.76197964
"don't let the door hit you on the way out, porky !  please go outside and call a muslim a mudslime and see what happens, cowards.",0.71760553
mudslime turk detected,0.47173777
if you want to keep your hair it’s your only option other than getting some dirty mudslime in a backwater shithole to cut your arse hair out and stick it in your scalp.,0.8115627
"but also we hate muslims and pakistanis, do not redeem!mudslime victimhood cope. india has a larger population of muslims than pakistan.",0.6308517
different mudslime stabbings happened in the last week in eurostan,0.3260917
"it’s pretty much one of the only thread worthless seething sandkikes have. “oooohhhh alllllahhuuuu akbarrrr islam is pureeeeee purrreeeee religion and our book has never been translated! (so fucking what?)”it’s hilarious, just like all other mudslime antics, because the literal second mudhammad ack’d (quite early on from flu too lol i guess allah was on work leave then) pisslam split into two extremely divided factions (sunni’s and shits) which are still fighting each other holy shit to this day. it’s kind of like they’re full of shit and just repeat things over and over again like children with fingers in their ears saying “allallalla i can’t hear you kaffir allahu akkkbarrr”. why do muslim countries have borders? why are there still wars there? why are the taliban and is fighting under the united wholesome chungus single banner of mudhammad? hm?and all they have left is to call you a kike, as if they don’t have all of the worst features of kikes and none of the skills, like being sneaky or having the ability to be smart every once in a while.tsd.",0.6863638
"im not confusing anyone schizoid. i just recognize your posting style from /trash/ and 2ch, anyone can smell a russian mudslime when he is shitting up /v/ with blacked and seething about christians",0.687436
reminder that 1/3 of ruccians are mudslime pedo prophet worshippers,0.6289369
"look how the memecancer hides his pakistani or bangladeshi, or some other shitskin mudslime flag",0.7701451
you muslims are genuinely very stupid people and i have no sympathy for youi hope you scream when they get you is the fate of all mudslime invaders,0.89241093
"as soon as someone surrenders, they are protected. but you're a fucking shitskin mudslime to whom human life doesn't matter, so it's hard to explain that to you.",0.8403191
"the post title is misleading, because she knew what she was doing. and any woman who violates islamic law and offends the mudslimes is a woman i will honor. she may be a prisoner, but she dared to struggle.
 
 i suspect the janny in question is either a european colony dweller bound to the ""hate speech"" laws of the eu or a mudslime.",0.37751234
i will never stop finding it hilarious how mudslime migrant chuds in europe seethe about people in their home countries not giving a shit about the ummah and islamic rules and hating da jooz,0.64447093
"the cop was preoccupied with arresting a man who kicked a brown person, instead of the psycho mudslime going on a knoife rampage can you believe these people think they're lucky to not be american because of reddit healthcare jokes?",0.47119883
"they don't. they just hate mudslime and they oppose the agenda of abolishing nation states by the mass immigration that the globalists force upon israel just as ruthlessly as upon germany. it's not love, just pragmatic partnership of nationalists. same with russia, hungary etc.",0.37751234
"you're a ""mudslime"" you fucking piece of trash. don't really think that if you ever met a pink person and told them ""hurr i hate le terrorists"" that he'll let you sniff his sister's puss",0.9248995
"are you sad that it was actually us marines ordering you around like dogs that defeated other us marines? i'd be too. it was a good story, but now it is time to wake up and realize once again that you're just a british faggot. now go tongue kier starmers asshole and get back in your mudslime rape cage, you pathetic weakwilled degenerate branch of whiteness",0.85333383
mudslime are you the muslim or the atheist insanely insane stuff fr,0.6491204
"pisslam is shit, mudslime are shit, muhammad was an autist pedophile. that is all.",0.9749944
"holy fuck just kill all the mudslimes already. genocide all amerimutts too, why are you letting these infestations in, germany? use chemical and nuclear weapons if you have to, the mudslime holocaust can't come soon enough.",0.9391453
allah is for haj tourism in desert dumb ass mudslime,0.8778702
what do white people do for a job there?everyone in the working force is paki/mudslime,0.50789946
"kys, abdool. no one likes mudslime shitskins in europe. indians are well-liked by brits and americans.",0.68408644
"this, mudslimes are the worst fucking people on the planet. you're a fucking retard, it's because all muslims behave and look like trash, and whites don't want to be replaced in our own countries. muhammad was a tranny faggot.fuck israel but also fuck palestine and every arab mudslime country.",0.9817629
same. mudslime invasion should be stoped.,0.41910073
prophet(((chatgpt)))that's mudslime,0.2763787
i'm sending all you brown mudslime fags straight to hell,0.91625386
"dont you recognize that everyone, literally everyone white automatically thinks posts from a shitskin mudslime accusing whites of being psychopaths is absurd? because your entire shitskin race consists only of sub 80 iq inbred savages who routinely torture their own family members to death and go unpunished. in your societies its completely normal and tolerated to do such things. in ours its incredibly rare and punished severely.",0.6491204
"where did all this pro mudslime garbage come from? the highest mudslime iq country is iraq and their average iq isn't even in the 90s, go on worshipping goat fuckers",0.89241093
"its funny that she cheated on him and he had a ""divine revelation"" that you need 4 men to prove sex happened, so mohammad couldn't be a cuck and for a thousand years rape was impossible to get justice for in the mudslime world.",0.6027529
"they're mudslime retards, same reason they immigrate to the west instead of palestine to take up arms",0.718943
because non-us niggers are actually mostly decent folkxs unlike your niggers. but islam is a cancer parasitical culture. sandniggers don't integrate but larp as ghetto american niggers instead. i'll take a thousand ngubus over one mudslime parasite.,0.89241093
bames shitskin mudslime niggersd ok gtfo my board cunt,0.944597
"how i love my country, we're so racist towards muslims that if this happened here someone would hit the teacher in the face lol.no shit like that would roll here, just last week a mudslime was attacked in lisbon by a group of portuguese men because he tried to attack a woman for dressing in a ""indecent way"".a lot of shit doesn't roll here.",0.82048255
by illegal shitskin mudslime menthat tranny nu waman forgot that bit,0.85333383
rapists. terrorists. murderers. mudslime subhumans.,0.8540474
"a mudslime is a shitskin even if it has 100% european ancestry. i don't fucking care, muslims are to be slaughtered on sight without any arguments. children, women and men (preferably after they've been forced to watch their family being brutally tortured and murdered), to the last one.every single semetic (or otherwise) invader you don't deal with will become a problem for your progeny, sooner or later.when you refuse to kill, you leave the burden on your children and their children.",0.8115627
based swede cringe mudslime invader,0.51980776
"how is islam any worse than hinduism? from a religious standpoint.they literally worship a pedophile goatfucker as their prophet muhammad, who is also their 'ideal man', something every mudshit should aspire to be.that's why they're raping kids in west and think there is nothing bad in it, it's literally their religion.of course they're raping kids in muzzrat countries too, but it isn't a crime there, it's their religion.in fact while islam doesn't allow gay relations between adult men, it does allow if the other is an underage boy.raping kids is very common in pisslamic culture, not only girls but boys too, in fact boys they abduct from the street and use as their slaves, they're called ""tea boys"", look it up, many usa zogbots in mudslime countries were repulsed because they needed to deal with muslim shitskins commanders that were pedophiles who had a harem of tea boys and then the zogbots would need to treat such pedophile shitskins as equals instead of shooting them in the face.",0.72028047
"but yes in countries like afganistan or yemen you're not allowed to cut your beard or you'll get stoned because of reasons.you're not also allowed to have pictures or dogs in your house, and bunch of other nonsense, because of reasons.pederasty on the other hand is not only allowed but worshipped.in fact while islam doesn't allow gay relations between adult men, it does allow if the other is an underage boy.raping kids is very common in pisslamic culture, not only girls but boys too, in fact boys they abduct from the street and use as their slaves, they're called ""tea boys"", look it up, many usa zogbots in mudslime countries were repulsed because they needed to deal with muslim shitskins commanders that were pedophiles who had a harem of tea boys and then the zogbots would need to treat such pedophile shitskins as equals instead of shooting them in the face.",0.47886392
"be me'2 buff chadstrolling to the grocery storecome across 2 mudslime shitskinsboth not taller than 5'2arms thin as sticksas i walk by i hear one of them shout ""du hund!"" at me (dog is an insult to them -  mudslimes hate dogs)i turn around i just simply laugh at these pathetic faggots and keep walking i hate them so much. and they should pray to their child molesting prophet that things will never escalate with me.",0.7510937
"both are still poor, and coasts are wealthier everywhere because of trade.sure islam is absolutely fucking retarded and a religion for low-iq pedophile goatfuckers (their prophet muhammad literally was a low-iq pedophile goatfucker, and they worship him as the 'ideal man' every mudslime should aspire to be)but mostly is all about race, you don't even have to ban islam from white countries because only the absolutely most retarded whites will ever convert to islam and those are really low in number.so more importantly all non-whites must be banned, all european lands (incl. usa/can/aus/nz) should be white like they used to be.it's the eternal jew that are trying to destroy our countries by importation of non-whites.",0.82048255
"i can do halal style, i can do burkah style, i can do koran style, i can do whining for palestine but never fighting for it style, i can do mudslime migrant given free houses and benefits style, i can do stabbing innocent women and children because i'm mad over my muslim micropenis style, that's why they call me the british bulldog.",0.74954444
guess what no one gives a fuckkkkkkk you fucking mudslime cousin fucker cry more go decapitate yourself no one fucking cares about you you animals are fucking disposable,0.9817629
you love muslims controlling the middle east?why the fuck would any white person give a shit about who rules the mudslime desert,0.8696708
a subhuman mudslime bragging about being a subhuman rapistwhy are pedo mohammad worshipers such subhumans?,0.8299589
"womp womp. cry about it mudslime apologist. muslims all deserve to be torched alive, they should consider israel merciful for not doing so and just turning them and their dumpster cities into swiss cheese.",0.6289369
european civilized not for much longer. soon you will be offering up your anus to allah exactly as your mudslime masters demand you to.and you'll do it willingly. you limp wristed faggots.,0.85173553
maybe you'll care when your daughter gets raped by a mudslime and you get arrested for talking about it.,0.7105462
"why do you westoid shitskin gatekeep my country so much, it’s so weird! come pick up your mudslime kurds",0.76523775
" germany must awake and retake their historical lands.listen: since 2015, when the merkel monster opened our borders, i no longer give a fuck. i already own property in south portugal and (will soon exclusively) live a much better life there than here. the sunny weather alone is a strong enough selling point, another being that i never see mudslime in public there (in the western algarve). the niggers from former portuguese colonies (several among our gardeners) are rather civilized and very polite, totally different from the highly aggressive arabs and afghans in germonkey. i will own orange trees and be happy.",0.5721988
norway has mudslimes that raped and that beat up women attend some bullshit meetings to 'integrate' themthe mudslime women want to get them deported but can'tamerican softpower through banking is the funniest shit ever,0.7856813
"pakinigger, sikhs were mostly in the punjab province and north-western undivided india. in the rest of the country it was the marathas who were culling the rabid mudslime dogs.",0.6989911
getting his ring legit stolen in terrorist mudslime occupied london.pottery,0.50759226
disgusting brown mudslime invader in canada. how unusual. just another brown parasite.,0.8629672
the brown subhuman mudslime finally showing his true colours.,0.63782936
imagine you are a criminal rapefugee shitskin mudslime doing crime in a country that gave you refuge and then finally the country decides to deport back home and rewarding you with an amount of 3 average montly incomes of your country on top (1000 bucks).,0.7252971
south italians are swarthy brown and ugly.they have mudslime dna. the niggers raped sicilians and infected them with bbc dna,0.9029226
just fucking kill mudslimes and mudslime enablers.its literally this easy !!!,0.96069145
"if you hate freedom, you hate islam.not true. i just hate islam. i love my country when it is being bombed to hell by you cunts.blowing up innocent brits isn't freedom, actual mudslime subhuman.",0.85850734
mudslime cope as always go get on your knees a sniff the mans ass in front of you while you pray to your pedophile warlord you bunch if delusional faggots,0.9061063
kill yourself brownoid mudslime,0.91625386
mudslime are just as bad as niggers.,0.911035
"i need a catholic wife, not some mudslime.",0.5716857
no but i can eat bacon you pedo mudslime.,0.6407703
die a horrible death shitskin mudslime scum. muhamad and alah suck my cock daily and eat my piss and shit while i beat them with the cross.,0.9817629
your country used to be a gleaming gem or prosperity and beauty. now it's a mudslime infested shithole with no-go-zones in every major city,0.687436
better to be a satanist than a mudslime.,0.718943
% of mudslimes didn't even understand single page from quaran and follows the loudest mudslime in the room because they are unable to think critically,0.41445592
imagine the delicious smell of all those mudslime corpses shitting themselves,0.82048255
"racist immigration policiesgood fucking retard, i hope a mudslime beheads you.",0.968226
south tialians brown and uglythey have mudslime dna. the moors raped south italy infecting them with nigger dna,0.88599813
bring your retard religion back to your own thridie shithole mudslime,0.9209984
are you also a faggot mudslime invader?,0.8629672
"just proving my point you disgusting mudslime invader. proving my point, exactly. filth.",0.8364697
"how is pisslam a ethnic group? even tho only goatfuckers are mudslimes, not every goatfucker is a mudslime. censorship is as strong for us to feel singled out and alone wile more and more people think like us. dont give up your people. thats the opposite of what needs to be done.",0.6852916
this is an invitation to all mudslime dogs to tongue my anus. total mudslime death,0.93383175
this has “is smoky barbeque pork halal?” all over it. who the fuck carries around a non-pork sausage link?also why the fuck are they mudslime if they’re with a group of lefties?lefties hate religion and muslim is pretty far leaning.,0.78711975
"whatever cuck, the based mudslime will leave traces of their dna and you will remain a figment of history",0.52811706
rolling for total mudslime pedophile death,0.78207105
"just stay in pakistan and get blown the fuck up if you don't like our countries customs, god damn i hate fucking backwards mudslime middle-easterners. i hope we bunker buster the kaaba and turn all of saudi arabia into israel 2",0.9288007
yup. europe ane canada are fucked. at least the crackheads here kill mudslime cops,0.90451443
i can't wait for a mudslime to stab you or one of your family members in the neck. maybe then you will understand,0.7998551
"we're going to deport every shitskin, muslims includedbut anon, aren't you yourself a mudslime?will you deport your own ass?",0.8696708
mudslime is probably already fucking his mom and cousin. disloyal fuck was dumbed and incel chimps out. mudslime is a nigger like mohammed here,0.9563754
"gotcha good, didn't i? cry harder, mudslime parasite.",0.8299589
"i hate goat fucking pedophile sandnigger mudslimes and you disgusting shit eaters. hating both of you are not mutually exclusive.i'm sorry, ranjesh, but white people see you exactly the same a mudslime. you're both a brown stain on humanity.",0.968226
because it's mudslime propaganda attempting to garner sympathy from westerners.,0.3234372
"upvotessmart muhammad mudslime ""refugee"" parasite, you get it",0.71760553
"a christian in a pisslamist country is a second class citizen at best, and are only there because they can't escape the shithole. a mudslime in a western country is a hedonist sandnigger wanting the perks of the first world while also trying to spread its low-iq religion.",0.7252971
that's fucking rich coming from a mudslime. your own prophet was a pedophile.,0.9248995
"just let them die in syria why even bring them inliterally all of mudslime migration into europe is driven by the destabilizing influence of your shithole larp of a nation.every nation surrounding israel has been reduced either militarily or via us(zog) invasion/sanctions to a feudal dictatorship, deliberately, so a few of you vatniks can larp about some old testament fairy tales.",0.62136006
mudslime sympathiser kill yourself and take your goat fucker with you. you guys always expose yourselves so easily. always talking about your shit religion and wanting to convert anything and everything like drones.kill yourselves mudslimes shitters. go back to your desert.,0.96069145
"to respond would require a crumb of integrity which of course the desert gorilla has none of, it will be the typical plug ears and la la la muh nakba muh territory, muh open air prison,i fucking hate arabs so fucking much i actually cant believe for how racist this board supposedly is you niggers choose to side with the absolute shit stain of human existance because your upset jews have better degrees and make more money than you. the actual fucking audacity of these fucking niggers to mask off declare genocide of a people and turn around and cry genocide when they get bombed for it blows my mind, how low is the average iq of a mudslime to believe that? 50? 60?tmd mohammad is a faggot",0.83334327
i hope israel survives until there is one mudslime nation left and then they kill each other.,0.584095
"he's a mudslime. we don't claim him. go back to india, rapesh. it is time for all shitskin parasite invaders to be flushed. mutahar knew what was up. he realized the entire internet is now a 24/7 pajeet hate thread. soon the killing will start. total pajeet death is almost upon us.",0.7308154
he's a mudslime. we don't claim him. total indian domination is inevitable.,0.37458646
"please just listen me out okthese guys are mainly brainwashed retards (shitskins = are well known for being retards in uk health service ok , its the inbreeding ) by mad mullahs in mosques ok some are very spectrum losers sent to mosques come on and learn how to be a holy warrior ..some of these spakkers didnt have a chance then you got the evil enforcers who are mad mullahs clever kids brainwashed to get others in that evil islam ..these are the real bad ladsi done bird /jail in cat a and nuty secure units ok they are not protected by the mudslime brotherhood ..they are all alone .. scared an then lets see allah save yer !i have seen horrific greenlit events ..where they stride about thinking they untouchables ..then boom ..happens next day .. nuthing of value was lost justice does get done k",0.6863638
"just a lil based update on the evils white racists in hmpfrom a very reliable sauce they are being treated as living leg ends on wards,and pos are also giving them association type jobs to help them ..so much for... muh mudslime gangs will get them .. shyte from lefty medya bollocksthey are seen as patriots and well looked after by lags .factfrom a few pos who post ..",0.47119883
mudslime pube beards are disgusting and as cringe as facial hair gets,0.6863638
"you came here to our containment zone and started shit with /pol/you are a mudslime paki though... /pol/ is not your containment zone, faggot",0.911035
why doesn't this street shitter go back to pooland?because 'mutahar' is a goatfucking mudslime just like you!,0.85173553
"keep an eye out on any government official who supports palastine, especially if they are a mudslime because fat chance they are sending tax payer money to that shithole",0.743089
"[russia] imports millions of central asian muslimoids every year, not unlike yurops also tends to dodon't forget all the mudslime ""refugees"" russia (and by extension belarus) floods europe with.",0.3389984
you're a mudslime sand monkey. you and the jeets need to be holocausted.,0.9029226
"pretty much, they don't give a shit if mudslime women are treated like cattle and are killed/beaten over the most trivious stuff, they just want to appear tolerant and accepting even if they're accepting systemic women-beaters.",0.65996873
"indians getting white bitches (much more do than other dirty brown mudslime animals) enrages these goatfuckers like nothing else. mudshits are incels with a hate boner for indian slayers, and they prove it time and time again",0.911035
found the dirty mudslime rat. we indians will absolutely murder every muslim on the planet and you won't do shit,0.944597
"lol qataris are literally nigger monkeys who discovered oil & gas.. their gdp like those of oil rich mudslime countries mean nothing.. their citizens are lazy, spoiled low iq brats.. i know many who come to the west with their oil millions & live like kings.. but they have no work ethic or education & like all other mudslimes are thoroughly despised",0.7570315
are mudslime women usually grammar gods or something?,0.3389984
"one hindu vs literal paki mudslime grooming/rape gangs that terrorize every western city and town. and the difference is, the mudslime is doing it by following his religion and his cult leader's example who was a degenerate pedophile and a mass rapist.",0.7252971
"the whole reason we are in this mess is in part their love of money and also in part of their understand that keeping us dividing and fighting islam invaders is what keeps our attention away form their subversion and control over our lives.a few more decades and you will be an absolute minority.unfortunately yes, however the government and thus the state enforcers will also be majority non white. ie: incompetent. iv said it before, the biggest obstacle isnt the incompetent mudslime invaders, its the competent white state enforcers (police/investigators/military). once the diverse changes filter their way into law enforcement, it will be a fucking free for all. import third world become the third world. if pira could pull of what it did against a competent global power, then i have no doubt that well armed, motivated and competent whites will be able to wreak havoc on the shitskin majority. whites maintained a government in south africa despite a 5 to 1 minority and it took the entire rest of the world to unseat them. this time there wont be an ""entire rest of the world"", all the other countries are projected to be majority shitskin as well. the whole global system is going to be upended once the jews flee back to israel",0.4269174
mudslime pisslamics are even in denmark now hopefully the mudslimes brutally beat you white danes into bloody comas.,0.7308154
"i get a stiff everytime i hear of the irish burning the hotels of the mudslime ""refugees"". maybe there's hope for them in ireland",0.43475235
i hate mudslim with every fibre of my body but this is not exactly a mudslime problem.it's just that low iq shitskins that rape are usually muslims.,0.85333383
fuck islam you shitty mudslime retard. trump shits on muzzies. israel all the way!,0.9817629
you tongue nigger anuses. spitting in food is a mudslime practice because that's what muhammad used to do.,0.93383175
"muhammad's aorta exploded. kek he's not a prophet. you mad mudslime? gonna rape your cousin?  cool, but i'm going to heaven and you're not.",0.76197964
you’re a mudslime aren’t you lel. fuck all you faggots. i’ve already donated £300 to israel so it continues to defend itself successfully from freaks like you,0.9391453
rape and nuke all mudslime civilians,0.8696708
the quran isn’t holy to anyone who’s not a mudslime faggot rat. personally i would’ve followed georgia anon’s advice here   it isn’t 2001 anymore. you’re clearly not up to date with the situation in russia.,0.6852916
literally everything is wrong with mudslime and pisslam. pedo dog shit political-religious system that was designed to hog power and kill off the west. look up taqiya and you'll be one step closer to understanding how they operate.,0.76197964
muzzies can't save their own and only act like crybabies. not smart enough to organize or think for themselves. never bet on a mudslime.,0.63782936
"stop coping, mudslime. we have 1000's of cases of filthy mudslimes pretending to be hindus to entrap hindu and christian women in india, because that's the only way mudslime men can get non-mudslime women to talk to them.",0.6020386
"mudslime vpns are the worstyou should be proud of your ancestry of pedophilia, zoophilia and the sorts muhamad.",0.73663366
is that why most of you are trannies and faggots who chop their dicks and tits offfags are 1% here. troons barely exist.meanwhile you poos have had an entire caste of trannies for millennia while mudslime vermin rape your women and children?what do you think the riots were about? we are a us vassal state at present and under occupation by zogthis will not last foreverthere has never been a more cowardly race than you people.yet we conquered 25% of the planet and subdued your entire subcontinent with one regiment,0.85333383
all mudslime immigration is negative.,0.43965456
mudslimemost covered area is the assfucking ironic,0.85173553
"muhammad is a brown child rapist, kill yourself mudslime nice try stinkpreet, i don't worship rabbi yeshua ben yosef, now go back to dilating and doing your goon sessions, you stinky brown ape sub-animal",0.944597
mudslime infightingi'll take it. good approach to total mudslime death,0.6027529
still supporting israel no amount of mudslime twinks will change my position,0.44393396
look the immigrant mudslime goatfucking cocksucker demands answers by allahsnackbar or he will carve up more young tight white british girls,0.9288007
fuck off mudslime fuck.,0.9880789
" it's to divert attention away from whatever niggery the mudslime subhumans are doing in bangladesh.if the muzzies killed every hindu nuffins on the subcontinent, the rest of the world would throw a fucking party.",0.8115627
"yep, not going half as hard as they should on these mohammedan subhumans.  death to all mudslimes they choose this fate by engaging in their death cult religion that propagates killing/raping of all non-mudslimesjust remembed how many kids mudslime subhumans killed/raped in their terror attacks and grooming gangs   mudslimes need to disappearfeel sorry for the kids, but they were born into the death cult and would be taught to follow satanic teachings in their life",0.7252971
"it's only going to take a few more disgusting acts by you vermin and we're going to be close to total mudslime death and deportation.muh other whiteswhen it comes down to it, if it's a choice between their lives and yours, they will choose theirs. you can't hide behind other white people forever (how fucking pathetic anyway lmao)you still have your passport, right shitskin?",0.8299589
"get your shit together loseri went for a long walk today, tomorrow i will run.this mudslime isn't going to fuck you.i'm not trying to why do you say that?",0.9391453
"ah, yes, you mean the barbaric pagan religion that made you sacrifice children.shut the fuck up, mudslime pedo.",0.93383175
makes sense now with most mudslime nations. they did all kinds of horrible things and yet play the eternal victim roll.,0.37751234
"it really is unreal how they brought this third world and mudslime trash to their own countries, watched idly as the hordes raped and assaulted, and then criminalized talking about it.europe needs extreme civic participation.",0.60152835
"another beautiful eat, pray, love experience. yes, pakis are just mudslime pajeets.",0.4977744
"is part of the right thing.the amount of old hag, post-wall roastie and rich widows that go for the mudslime is unreal, they had fine tune the scam to a high degree. ethiopian prince has nothing on the mudslime scammer.but that's beyond the point.woman rights was a mistake, they always manage to ruin society and civilization when she cannot get things her way.at least in the 1700 and 1800 they knew their place and for the most part didn't cause trouble.",0.44573322
slaveshits and mudslimes are oftentimes the same garbage workers and unreliable but you will never find a good mudslime worker while you can find many slaveshits who do perfect work and you don't even have to look after them while all mudslimes are totally worthless.and i never saw a poopjeet doing construction. we had 2 poopjeets at our local hospital but who would have guessed all of their papers were fake and then were deported to poopistan.,0.7761081
you outed yourself as a shitskin. 90/100 sure you're a paki mudslime.,0.85173553
"lmaoing at seething mudslime itt with 60+ posts and counting. just believe in a proper human religion, then you won't have to see people making fun of your retarded pedo mohammad cope.",0.681338
"lol, lmao even. fuck mudslime, fuck islam, muhammad was a pedophile autist. (no seriously, look it up)",0.96426713
"shut the fuck up, you cockroach mudslime piece of shit. fuck mohammad the pedophile faggot and fuck your mother and your sister to death",0.9940395
"they worship the blade and a pedophile. they will claim they worship god, kek but say something about a faggot muhammad that died.even more interesting, notice the sudden lack of pro mudslime shit on the board today. kek, i love it.",0.78711975
"come on mudslime attack dogs, i have given you another thread to bump. where are you morons? your prophet is a pedophile",0.8629672
btw fuck the pedophile m*hammad piss be upon him. total mudslime death. total palinigger death. i support mudslime genocide,0.968226
"here's the first of many accusations made by a dirty mudslime. they have no arguments, they have no economies, they have nothing. all they have is a pedophile prophet. sad. bring it on retards, call me a jew some more. i laugh at your demise. we'll find your corpses under the rubble somewhere.",0.73663366
are you that mudslime that lives in the netherlandswhat do you think about pedophile prophet (piss be upon him) amen,0.72028047
was mohammed a pedophile? do you piss on the quran? tell us. if you're not actually a mudslime then you have nothing to worry about by typing some meaningless words on the computer screen. so why can't you?,0.6491204
"your ""god"" is a fanfiction mutt of yahweh and a pedophile warlord. allah is nothing but a fake id of muhammad that he used to give divine authority to his debauchery with other people's wives and little girls, and justify his looting and marauding. no wonder any ""god fearing"" mudslime turns into a goatfucking child raping violent psychopath.",0.8299589
"fuck pisslam, fuck mudslime, muhammed was a pedophile",0.9880789
"cant you read? my argument is that muhammad was a violent pedophile and the koran itself proves my point. my second point is that the koran is full of holes and that only an inbred mudslime would believe anything it says.your rebuttal is literally just ""hurr you're a jew"", which btw is inaccurate as i have a foreskin (unlike you)tmd",0.6027529
no he's not. if jesus was truly in your life you would renounce the evil teachings of the pedophile warlord known as m*hammad. until then you will be a filthy mudslime and nothing more,0.74954444
why are the turks upset that a syrian mudslime assaulted a little girl? he was just imitating their pedophile prophet,0.64447093
"i am no kid.  see you're the typical mudslime, you never actually addressed anything i said, especially the quote i provided that refuted your claim of ""nothing to fear from sharia"".  my god says ""it were better for him that a millstone were hanged about his neck, and he cast into the sea, than that he should offend one of these little ones.""   luke 17:2  you follow and emulate the teachings of a psychopathic, pedophile, warlord that married a 6 year old and raped her at 9.  i just know what pisslam is and says. don't preach to me about christianity, you know nothing of it. our gods are not the same.",0.5972042
"(big kek if you think jews did most of the slave trade)literal mudslime upside-down world shit btw, congratulations if you fall for mudslime propaganda. conclusion #4: m*h*m*d piss be upon him, is a pedophile slave trading genocidal maniacconclusion #5: nuking every mudslime country is the fastest way to world peace",0.82048255
you're the kike for completely misrepresenting my post. in fact you're probably a mudslime. your prophet is a pedophile,0.8403191
"keep avoiding the fact that your prophet was a filthy chomo, sandnigger. you and mohammad and your mudslime family are as filthy as horse shit.",0.93383175
"posts kike news reportssure nigger. meanwhile the vast majority of mudslime women across the world suffer sexual abuse during childhood, and not from outsiders but from their own relatives. they aren't safe from their subhuman pedophile men even in mosques and madrasas.",0.7510937
fuck off mudslime. mohammed was a pedophile.,0.9749944
mudslime stabs for his god mohammad  christians can't post hereoy vey,0.54325575
paliroach protests are antiwhite you dumb faggot. they are just confused and think jews are white. there can never and will never be any unity woth mudslimes or mudslime causes. thanks for shitting up the threadfuck niggersfuck kikesfuck spicsfuck chinksfuck faggotsfuck janniesand fuck pedophile prophet worshippers,0.944597
"one martyred jesus christ, controls the world and wants to put my kids on puberty blockers and goyslopthe other praises a ""prophet"" who was a known pedophile and mass murder, tries to gaslight jesus was a mudslime and would stone and rape my mother and sisters under sharia law",0.743089
"you do know that even according to the religious texts of your evil pedophile-worshipping cult, you are supposed to live in mudslime countries, living in kafir countries is haramwhy haven't you gone back yet to your own shithole, rat?",0.85333383
he's a mudslime rapist and sex trafficking pornographer only liked by worshipers of that other raping pedophile false prophet.,0.9248995
"pedophile mudslime shitskin sandniggers are based, goy!hang yourself, non-white shitskin invader",0.9563754
self-hating mudslime manolo-mohammad denies he's brownpathetic cunt lmfao,0.9288007
mudslime ots an easy google. you're muslim women like to give good head just like asiha gave to pedo mohammad,0.60254884
least retarded mudslime pedophile worshipper,0.8696708
"because it's a closer target for the arabs to chimp out over. make no mistake, if the jews weren't keeping the muzzies busy with their ancient blood-feuds, we (westerners) would be having a much bigger problem with them. they can't stand seeing anyone who isn't under the psychic boot of a 1400-year-dead pedophile, so the israeli state is a very useful shield, for all it's problems.it's mere good luck and accident of history that puts the jewish le sacred homeland so close to the arabs, but so it is all the same.",0.47900817
literally no one gives a fuck about shitskin muzzies or their literal pedophile prophet. muhammad went through the bible liketake out jesustake out the apostleslet me have 10 wiveslet me fuck childreni'll call iti slam,0.911035
"don't care. no mercy. yes it did ackmed. amiri baraka was a literal anti-white nigger. not looking good for your cousin-wife, mohammad. muzzies dindu nuffin!",0.7308154
"muzzies don't like seeing christianity shit on because islam is like dlc to it.literally for thousands of years, muslims were in fact shitting on christans and killing us.muhammad was a pedophile, fuck muslims but i don't like attacking their countries either. let them stay and rot in their sand turdie shitholes",0.9248995
can you fucking read? muzzies will cut heads off if they hear a rumor that someone might have drawn mohammed (may shit be on his faggot pedophile name). blacks will chimp out if a cop kills a fentanyl addict. whites dont riot its literally the last resort (britain is literally conquored by pakis),0.8696708
"hold up leaf bro.report mp's for hate crimes against muzzies. tell the police something dumb like they told you mohammad was a pedophile in private or something.if the bobbies don't get them, their muzrat pets will.",0.584095
"british upper class protects pakis and muslims because they also are inbred pedophiles. that's also another reason why they merge with jews - at some point inbreeding causes them to be as degenerate as jews, and they converge.the big part of holocaust was an attempt by top european rabbis to eliminate the most dysgenic pajeet-like ghetto jews, and 'rejuvenate' jewish blood through breeding with hitler's racial program aryan children - just look the photo of adolph eichmann. genetic degeneration causes terrorism and homosexuality, many pre-holocaust jews were gangsters and leftist terrorists, just like muzzies today. notice that the majority of muzzles are down-low homosexuals",0.51980776
"based knower. i've been posting this shit for years, but the knee-jerk fags here call me a jew every time. oh how they will suffer once muzzies take over. muzzies have been trying to conquer europe unprovoked for a thousand years, simple as. it's a satanic political cult of pedophiles amd homosexuals that exists only to conquer and enslave. fuck islam.",0.8696708
"by raping kidsanyone defending faggots, muzzies or shitskins are always pedophiles themselves too",0.85333383
"""white people"" what, you faggot scum of balcans? we are europeans, not your muzzies brothers that you support betraying your ethnia for the whims of some p3d0 slaughterer called prophet mohammad.niggers destroy for fake crimes (like floyd who, as the bodycam video shows, died of fentanyl overdose saying i can't breath since the police opened the door of his car until 12 minutes after that we finally went to the ground), whites are indigenous of europe protesting their rothcshild-controlled marxist anti-white managers that they still call government",0.7675452
"that was nuttier that squirrel turds. europe will be under sharia within the decade, so i hope they enjoy it while it lasts. paris & london will be raining men for weeks when the muzzies take-over, & after that, stuff like this will only be seen in documentaries about the evils of the west b4 it was destroyed for the glory of mohammad or whatever. dumb frogs...",0.62136006
"mostly because archeoligists aren't qualified to tell you what we can learn from the contents of the scroll, that's for historians.archeological evidence of either temple would require digging at the temple mount, which the islamic waqf expressly forbids. there have been deadly riots in the past over mere rumors of archeological excavations at the site. but if there would excavations, archeologists would be able to say ""here's a pillar, we think it dates to xxxbc, we think it's in the [culture/time] style indicating it was built by [whoever] etc. etc..""muzzies don't want that because it would be full of artefacts proving jewish inhabitation of the site hundreds of years before mohammad was even born",0.1140901
"europe is literally founded on the hate of muzzies and spent centuries preventing them from entering, and as of 15 years ago there's so many of them in paris they're blowing up newspaper offices over a picture of their prized pedophile muhammad.",0.53579444
"to be honest, as much as i dislike pajeeters, i cannot stand muzzies. islam is a totalitarian and backwards religion founded by a genocidal pedophile, and anyone who subscribes to it should be shunned.",0.6852916
"genocides an entire generation of muzzie youthyeah but you are forgetting about the twitter optics, this anti isre-ack!yeah , but lets not forget these lefty and nigger students protes-ack!yeah, but these muzzies you exported (you being one of them) to the west as a bioweapon against whites are totally gonna hate the isr-ack!face it mohammad, the muzzies are getting their shit pushed in daily in the gazan strip",0.76523775
over 500 muzzies have died in this years hajj so farmost from heat not from collapsed cranes or stampedes like usualmaybe squeezing millions of people into a small barren desert village that probably didn't even exist until the late 8th century to go lick a black stone in a pagan temple because some pedophile allegedly said so is not the smartest idea,0.42985553
"yeah, muzzies are filth. their “religion” is bullshit and their leader was a deranged homicidal pedophile. also, they worship a black cube like the one found outside of blackrock’s hq. satanists love black cubes.",0.8696708
"low mentality muzzies due to inbreeding.  that's why they fall for this silly ""religion"" started to justify multiple wives and pedophilia such as marrying 9 yo girls as mohammad did.  remind you of mormons?  multiple teen-age wives so that horny old men like john smith, its founder could get access to legal teen ass.religion is the ultimate scam as the founder of scientology, l. ron hubbord said and then followed through in real life.",0.72028047
true but the number of christ kikes that would kill you over a jesus cartoon is virtually zero.meanwhile the number of muzzies that would kill you over a mohammad cartoon is close to 100%.,0.51869136
"muzzies i've brought this up to claim that mohammed waited for her to be of proper age which makes no fucking sense to me. if he was going to wait, why didn't he /wait to marry her/?nah. that pedophile didn't wait for shit.",0.85333383
"saw phillips with nigel....what a arrogant pos he is. he talked about muzzies beings offended by what nigel was saying, ie the truth....well i'm bloody offended by this invasion of stinking, raping, uncivilised, murdering filth, who bow down to a pedophile, taking over our country!!😡😡😡😡😡",0.73663366
"goat fuckin muzzies have not advanced or evolved in 2,000 years even though the rest of the world has, muzzies like being stupid, just look at who they worship, mohammad, a rapist, pedophile, thief, a moral degenerate..... clear illustration where the stupid resides.america used to have a law which forbid muslim from coming to america....obama got that voided...... time to re-enact muslim ban",0.9288007
instead we let foreign pedophiles comes to our shithole diddling our kids!take that muzzies!!,0.7675452
"to draw mohammad correctly, you need to picture him with flames around his head. make sure muzzies aren’t in any doubt that their bullshit won’t be tolerated.",0.73663366
these fucking scum muzzies are cancer on every country. useless intermarried infected mentally ill people worshipping a shit pedophile.,0.9749944
"i'll say killing all muzzies will make jews lose their best ally. christ has risen, and none of your pedophile fake prophets can compete with that.",0.6863638
"👉👉i enjoy a good laugh. no topic off limit. no group off limit. it's all good. i'm just confused about why every other show on tv has been sanitized so much that no one can make fun of retards, pedophiles, politicians, trannnies, fat asses, mexicans, migrants, gays, blacks, jews, muzzies, or any other group with the exception of christians and conservatives. they seem to have been omitted from the ""don't go there list.""     except for family guy.  how is it seth mcfarland's show is allowed to stay on the air considering it makes fun of everyone? is that the key? make fun of everyone? or is it because they payroll?",0.4575469
"lol, mohammed was a pedophile. i don't like muzzies. don't attack me with that. i don't give a shit about the conflict. i live thousands of miles away.",0.82048255
the prophet muhammad was a pedophile and a rapist. the muzzies worship him,0.8460273
muzzies follow a false prophet who was a slave owning pedophile....send them all to their virgin  goat wives,0.8460273
"pay attention, anons. this phrase is kryptonite for muzzies trying to infiltrate. they can pretend to be a racist white man, that's no problem, but according to their primitive desert pedophile cult, if they insult the quran they're going to burn in hell for it no matter what justification. if he's an infiltrator he will chimp out and start spamming 'nigger' to try and fit in, and change the subject",0.6027529
"&lt;&lt; some folks just won't make the team, #lowercasewhite.but turn that frown 🙃 upside down ... the muzzies &amp; other shitskins will always take you in.",0.54823303
simple answer to this meme--- they invade country's that give a way free stuff muzzies like free stuff.,0.33421695
muzzies believe that anyone can reach heaven as long as they pronounce the shahadah before deathbut the afterlife is very inconsistent for them anyway basically you're stuck in the dead realm until the apocalypse where everyone is resurrected and you are sorted to heaven and hell,0.2786282
the sand monkeys stuff their pie holes at night tho. fuck the muzzies.,0.85173553
i go to my local superstore and exclusively buy israeli exports from the international section (mostly matzah ball mix).it's always funny seeing small brownoids look at me and seethe but they can never do anything since i'm a 240 lb 6'4 white man and muzzies are all short cowards.,0.5024724
i thought rome was the only place untouched by muslim invasions it turns out st. peters basilica was sacked by muslim raiders in 846 adso basically every see of the pentarchy was conquered by muslims at one point. wtf is no place on earth safe from muzzies,0.5779532
all fucking muzzies must fucking hang!,0.96426713
all the muzzies who aren't allowed to drink alcohol yet want to work at a liquor store.  priceless.,0.36095104
😂 waited until the little kiddie bled at 9. a real charmer. why are muzzies paedophiles?,0.5716857
"muzzies do what they like in western countries, so it should be the same in muzzie land - fuck all muzzies.",0.8778702
muzzies spend their entire lives daydreaming about getting 72 virgins after death. their entire life revolves around women and fantasizing about sex with imaginary women. it's a literal cult of coomers.,0.6426206
muzzies are subhuman and deserve to be exterminated,0.8540474
they have to stain william before he is king so he doesn’t get revenge on the muzzies for killing his mom. 😐,0.50503236
i’m getting sick of these fuckin muzzies telling us how it’s gonna be. fuck off back to your shithole countries. i can not wait until it’s open season….😡🇬🇧🏴󠁧󠁢󠁥󠁮󠁧󠁿,0.9391453
i know a few different muzzies that own businesses in my town. they look at americans as naive and sheltered. weak. they would respect christians more if they would stop this turn the other cheek nonsense.,0.45921504
"niggers and muzzies usually stick to the major cities and don't venture out, its so rare to see them in the country side or rural areas. we've also always been quite a segregated culture, its why you could walk to the next town or city and accent is radically different, so far sort of acted as a barrier.. but i doubt for much longer.",0.509388
go idf! kill those faggot muzzies! kill every last 'palestinian',0.93383175
"if this doesn't show the muzzies are calling the shots, nothing will. everyone is 💩scared of them and their violence....stopping kids from drinking because only 3 in the class observe ramadan is outrageous!!😡😡😡",0.52139956
been avoiding muzzies right now because they're fasting and their mouths smell worse than pajeetland sewer.happens in your cunt?,0.8252207
why don't we just collect all muzzies and throw them into a big hole and bury them all alive?,0.687436
european companies are required to have praying rooms to accommodate muzzies.,0.3140926
labour will have to choose between muzzies and troons. because they can't coexist,0.3281604
"based, kill all muzzies",0.8460273
mohammed was literally a ginger celt. ramadan was white for centuries before the muzzies mongrelized themselves. also i do omad year-round so i guess i'm already participating,0.37751234
"muslims act exactly the same way. sometimes i can't tell the difference between the curly heads, and the fuzzy muzzies.",0.509388
thinks he’s the only one that knows muzzies gain weight during ramadan,0.20126031
shitskin muzzies of the pedophile prophet have conquered times square,0.82048255
"woah, i would invade her pussy if you know what i mean!also op muslims are either scrawny skinnyfats or obese. the few that aren’t are on roids. if muzzies decide to argue with me on this i’ll post a guide on how to fuck their women.",0.7856813
why do muzzies have such tiny peckers,0.4850187
"fuckin muzzies ......a right ungrateful lot, those bastards 😡😡😡😡",0.96426713
is that kind of like how muzzies are colonizing your land now?,0.3375374
the uk is now like the usa for visiting: keep the hell out of any city with &gt;5% black population. you can add muzzies to the uk's problem demographics.,0.5559701
"muzzies propagate their belief through lies, cope, and misdirection",0.45761138
muzzies probably complained that raping tranny children wasn't halal.,0.6027529
it’s the first enemy in the marines hymn. muzzies second.,0.28857216
the muzzie holiday for murder is starting…..ramalamadama . this is the season for explosions and killings in history.  one more reason every single nation has expelled them  throughout history. no decent country on earth wants muzzies. 12 th century intermarried mentally deficients are poison to every country. their religion demands killing all who aren’t muzzie.,0.5779532
anything where i can kill muzzies,0.7998551
"albanians eat pork and drink fire water, the closer to civilization you get the more secular the muzzies are",0.38434127
"damn that punch was insane, also fuck muslims, i masturbate everytime some muslim dies in palestine or pakistanfuck pislam and its followers",0.96426713
pislam state.. terrorinmates take hostages in russian prison,0.3625127
"we don't hate religion, only pislam then they threw an absolute anti-catholic hissy fit in the 60'sthe fuck are you talking about",0.76523775
you need to be the product of at least 10 generations of inbreeding to be susceptible to pislam.,0.33836752
fuck you muzzie and fuck your tranny loving pislam,0.9880789
"pislam is a religion of inbreading, pedohpelia and violence",0.7761081
"£29 million extra to defend mosques! why fucking planet is the uk government on?the government supports the barbaric paedophile cult of pislam, the government are traitors to the british people.",0.7856813
"get back to us after some shitskin pislam nigger rapes and decapitates your 9 year old daughter. you deserve extinction, cunt",0.9391453
instead of the pali flag just make it a banner with “pislam” on it,0.23667802
the world doenst care about jews or drive of kurds. they o e care about not upsetting pislam  and its monsters 👹,0.6289369
"this does not cancel the degenerative influence such as pislam, inbreed marriage, sex with goats and so on.",0.6027529
"deport these vermin asap ! they are here just to destroy all western civilizations! and to invade more countries for pislam, their disgusting ☪️🗡️👹🗡️☪️ death cult ! stop being so fuxxing weak and tolerant with islamic vermin ! that's suicide! but of course liberal, globalist traitors want to destroy nation states aswell...",0.8460273
"pislam is a religion of niggers worshipping a pig and a child fucker ""prophet"" (piss be upon him)",0.9563754
that diaper wearing iran moefti you know the one they killed in the helikopter?he ended mohamads secret jihad he said al muslims need to come back to there home country.......................thats why he was killed by his own..........pislam/muslims  are the worst that humanity has to offer.,0.681338
can’t wait till europeans go full reconquista and force every pislam worshipper to convert or get deported.,0.4269174
"in great britain , east london there is an islamic  ☪️☪️👹🗡️🗡️ sharia council ! the area is heavily populated by muslims from pakistan, india etc. now they have their own court and their own laws ! they are not allowed to call it ""court "" but that's what it is ! it's sharia-laws 🤬👹🗡️☪️ and islamic sharia court in london ! only english secular law should apply in great britain. not anything to do with pislam and it's backwards death-cult but here you have it : islamic sharia court in london, england !  and as always : only britain first -party 🇬🇧🇬🇧 is there to protest !",0.50789946
"anarchocommunism somehow manages to be more retarded.it's a bit like you think they're couldn't be a stupider religion than pislam, but somehow nation of islam pulls it off.",0.6667219
the persians were high iq. pisslam moved in and it became an inbred shithole. pislam is bug ridden malware written by a pedo.,0.8299589
cowards always hide behind moral superiority.we would all convert to pislam before we would revolt against a system that hates us.,0.47173777
my morals and beliefs are i don't worship pedophile rapists. the exact opposite of pislam.,0.51869136
"if a genetically white person accepted pislam, then his intelligence is comparable to that of a stool. such a person cannot be considered white.he's right.",0.6020386
pislam is so fucking gaaaaaay.,0.9749944
in 50 years pislam will be the world dominant religion it's over,0.36095104
pislam means submissive to allahore slave of allah/satan,0.6407703
flodder family or islamic hate nearby 😆 kick pislam out!! 👌,0.6744087
"tell me what passage and i'll believe you. alltough i know pislam is a shit religion, i can't remember reading that tarhammad did that in the whorean",0.8115627
"normal daily walks in pakistan, iran, afganistan , sudan etc. 3.rd world shithole 💩💩 countries ruled by pislamic ☪️☪️👹👹sharia-laws....muslims are the real threath to any western civilizations. despite that , our leaders have allowed millions of muslims to immigrate to europe, usa...and are still  preaching values of multiculturalism ! pislam is totally incompatible with christian values, western civilizations. it should be chrystal clear for everybody by now ! islam is the true satan worshipping cult 👹👹, they have truly shown the world that since pedo-mohammed started the war 🗡️🗡️against christians and jews.",0.72028047
pislam is cancer.,0.8252207
you are literally a malaymonkey. i dont know if monkeys even go to hell in pislam lol,0.78711975
pislam also talks highly of drinking camel urine.,0.4475325
"we've always had retarded nazis on here and they worship their complete failure of ""hero"" who guzzled mudslime semen.fuck pislam, their pedo false prophet is burning in hell.",0.944597
"of course, the only thing that unites caucasians and turks is pislam, fortunately the most purebred caucasians (georgians) were not infected with this crap.",0.65996873
fuck pislam the slave warmongers,0.968226
"this shit is so funny. a lot of pislam's ""holy texts"" are like this. like when muhmmad attended someone's wedding and thought the girl he was going to marry was pretty hot so he interrupted the wedding and said ""yo hey... so... allah wants me to marry her. yeah actually sorry, allah wants this one for me. don't argue or that's haram and i will behead you. your wife-to-be is mine now"" and then takes the guy's wife for himself. it's fucking hilarious. pislam is such a joke.",0.8778702
we have leftist nazi/marxist domestic terrorists illegal govern propably all pislam converts who lie when they open their mouth!!! christianity they attack coz of the lwo the leftist global worldorder where pislam is the one world religion. all christian holidays are on attack they started with easter rest will follow!!!,0.5972042
"subhanallah the retard converted to pislam, ass slam while i cum brother.",0.91625386
its customary in pislam to take your shoes off before being killed,0.4269174
